pbpstats_name,bbref_name
Steven Smith,Steve Smith
Richard Manning,Rich Manning
Clar. Weatherspoon,Clarence Weatherspoon
Ike Austin,Isaac Austin
Dan Schayes,Danny Schayes
Charles R. Jones,Charles Jones
Kiwane Garris,Kiwane Lemorris Garris
Wang Zhi-zhi,Wang Zhizhi
Slava Medvedenko,Stanislav Medvedenko
Michael Sweetney,Mike Sweetney
Roger Mason Jr.,Roger Mason
Flip Murray,Ronald Murray
Ike Fontaine,Isaac Fontaine
Norman Richardson,Norm Richardson
Ibrahim Kutuluay,Ibo Kutluay
Ibrahim Kutluay,Ibo Kutluay
Juan Hernangomez,Juancho Hernangómez
JR Smith,J.R. Smith
DJ Mbenga,D.J. Mbenga
CJ Miles,C.J. Miles
KJ McDaniels,K.J. McDaniels
PJ Hairston,P.J. Hairston
PJ Tucker,P.J. Tucker
TJ Warren,T.J. Warren
TJ Leaf,T.J. Leaf
CJ Wilcox,C.J. Wilcox
AJ Hammons,A.J. Hammons
AJ Price,A.J. Price
AJ Green,A.J. Green
RJ Hunter,R.J. Hunter
BJ Johnson,B.J. Johnson
JJ Hickson,J.J. Hickson
DJ White,D.J. White
DJ Strawberry,D.J. Strawberry
DJ Stephens,D.J. Stephens
Ha Ha,Ha Seung-Jin
Sun Sun,Sun Yue
Boniface Ndong,Boniface N'Dong
Hamady Ndiaye,Hamady N'Diaye
O.G. Anunoby,OG Anunoby
P.J. Dozier,PJ Dozier
GG Jackson,GG Jackson II
Enes Kanter,Enes Freedom
Enes Kanter Freedom,Enes Freedom
Perry Jones III,Perry Jones
Johnny O'Bryant III,Johnny O'Bryant
Andrew White III,Andrew White
Wade Baldwin IV,Wade Baldwin
Brian Bowen II,Brian Bowen
Kevin Knox II,Kevin Knox
Harry Giles III,Harry Giles
DaRon Holmes II,DaRon Holmes
Trey Jemison III,Trey Jemison
Robert Williams III,Robert Williams
Ronald Holland II,Ron Holland
Marcus Morris Sr.,Marcus Morris
Xavier Tillman,Xavier Tillman Sr.
Danuel House,Danuel House Jr.
Frank Mason,Frank Mason III
Derrick Walton Jr.,Derrick Walton
Walter Lemon Jr.,Walt Lemon Jr.
Zach Norvell Jr.,Zach Norvell
Melvin Frazier Jr.,Melvin Frazier
Jeff Dowtin,Jeff Dowtin Jr.
Reggie Bullock Jr.,Reggie Bullock
John Butler Jr.,John Butler
Brandon Boston,Brandon Boston Jr.
Nicolas Claxton,Nic Claxton
Charles Brown Jr.,Charlie Brown Jr.
Nigel Hayes,Nigel Hayes-Davis
Matt Hurt,Matthew Hurt
Vitor Faverani,Vítor Luiz Faverani
Jeffery Taylor,Jeff Taylor
JJ O'Brien,J.J. O'Brien
Mitchell Creek,Mitch Creek
Tibor Pleiss,Tibor Pleiss
