id,draft_year,draft_position,height,height_inches
abdelal01,1991,25,6-10,82
abdulka01,1970,1,7-2,86
abdulma02,1991,3,6-1,73
abdulta01,1998,11,6-6,78
abdursh01,1997,3,6-9,81
abernto01,1977,43,6-7,79
abrinal01,2014,32,6-6,78
achiupr01,2021,20,6-8,80
ackeral01,2006,60,6-5,77
acresma01,1986,40,6-11,83
acyqu01,2013,37,6-7,79
adamsal01,1976,4,6-9,81
adamsha01,2007,54,6-4,76
adamsja01,2019,NA,6-0,72
adamsjo01,2015,22,6-5,77
adamsmi01,1986,66,5-10,70
adamsst01,2014,12,6-11,83
addisra01,1987,39,6-7,79
adebaba01,2018,14,6-9,81
adelde01,2019,NA,6-7,79
adrieje01,2011,NA,6-7,79
afflaar01,2008,27,6-5,77
agbajoc01,2023,14,6-5,77
agerma01,2007,28,6-5,77
aguirma01,1982,1,6-6,78
ahearbl01,2008,NA,6-2,74
aingeda01,1982,31,6-5,77
ajincal01,2009,20,7-2,86
akognjo01,2013,NA,5-11,71
akoonde01,2019,NA,6-6,78
alabiso01,2011,50,7-1,85
alarima01,1987,18,6-8,80
aldamsa01,2022,30,7-0,84
aldemfu01,2013,53,6-10,82
aldrico01,2011,11,6-11,83
aldrila01,2007,2,6-11,83
aleksch01,1983,76,6-11,83
alexacl01,2016,NA,6-8,80
alexaco01,1996,29,6-1,73
alexaco02,2001,13,6-5,77
alexaga01,1994,NA,6-7,79
alexajo01,2009,8,6-8,80
alexaky01,2020,NA,6-11,83
alexani01,2020,17,6-5,77
alexatr01,2025,NA,6-5,77
alexaty01,2021,NA,6-3,75
alexavi01,1992,17,6-9,81
alforst01,1988,26,6-2,74
alkinra01,2019,NA,6-5,77
allengr01,2019,21,6-3,75
allenja01,2018,22,6-9,81
allenje01,1996,49,6-4,76
allenka01,2018,53,6-1,73
allenla01,2012,50,6-9,81
allenma01,2002,NA,6-10,82
allenra01,1989,NA,6-8,80
allenra02,1997,5,6-5,77
allenti01,2024,NA,6-6,78
allento01,2005,25,6-4,76
allrela01,2008,NA,6-11,83
allumda01,1981,103,6-9,81
almonmo01,2008,25,6-6,78
alstode01,1995,33,6-11,83
alstora01,1999,39,6-2,74
alumape01,1999,NA,6-10,82
alvarjo01,2022,NA,6-0,72
amaecjo01,1996,NA,6-10,82
amayaas01,1996,NA,6-8,80
aminual01,2011,8,6-9,81
amundlo01,2007,NA,6-9,81
anderal01,2006,NA,6-6,78
anderan02,2010,NA,6-6,78
anderch01,2002,NA,6-10,82
anderda03,2003,37,6-11,83
anderde01,1998,13,6-5,77
anderdw01,1983,41,6-3,75
anderer01,1993,NA,6-9,81
andergr01,1988,23,6-10,82
anderja01,2011,20,6-6,78
anderjj01,1983,36,6-8,80
anderju01,2016,21,6-6,78
anderke01,1992,2,6-1,73
anderky01,2015,30,6-8,80
andermi01,1989,73,5-11,71
anderni01,1990,11,6-6,78
anderri01,1983,32,6-10,82
anderro01,1985,27,6-7,79
anderry01,2009,21,6-9,81
andersh01,1997,54,6-6,78
anderwi01,1989,10,6-7,79
andrima01,2006,44,7-2,86
anigbik01,2018,47,6-9,81
anslemi01,1990,37,6-7,79
anstech01,1998,18,7-0,84
antetgi01,2014,15,6-11,83
antetko01,2019,60,6-10,82
antetth01,2015,51,6-7,79
anthoca01,2004,3,6-7,79
anthoco01,2021,15,6-2,74
anthogr01,1992,12,6-0,72
anthojo01,2008,NA,6-9,81
anticpe01,2014,NA,6-11,83
anunoog01,2018,23,6-7,79
applike01,2016,NA,6-1,73
araujra01,2005,8,6-11,83
archiro01,2003,32,6-11,83
architi01,1971,19,6-1,73
arcidry01,2018,NA,6-3,75
arenagi01,2002,31,6-4,76
arizatr01,2005,43,6-8,80
arlaujo01,1988,74,6-9,81
armeltr01,2025,NA,6-9,81
armstbj01,1990,18,6-2,74
armstbr01,2002,23,6-5,77
armstda01,1995,NA,6-1,73
armsthi01,2007,12,6-11,83
arroyca01,2002,NA,6-2,74
artesro01,2000,16,6-7,79
arthuda01,2009,27,6-9,81
artisja01,2018,NA,6-7,79
asikom01,2009,36,7-0,84
askewvi01,1988,39,6-6,78
askinke01,1991,NA,6-7,79
atkinch01,2000,NA,5-11,71
augmost01,1992,9,6-8,80
augusdj01,2009,9,5-11,71
augusja01,2007,41,6-10,82
austiis01,1992,48,6-10,82
austike01,1984,101,6-9,81
avdijde01,2021,9,6-8,80
aventan01,1992,15,6-9,81
averywi01,2000,14,6-2,74
awtrede01,1971,46,6-10,82
ayayijo01,2022,NA,6-4,76
ayongu01,2012,NA,6-10,82
aytonde01,2019,1,7-0,84
azubuke01,2007,NA,6-5,77
azubuud01,2021,27,6-11,83
babbch01,2014,NA,6-5,77
babbilu01,2011,16,6-9,81
babicmi01,1991,50,7-0,84
bacondw01,2018,40,6-6,78
badjiib01,2024,NA,6-10,82
bagarda01,2001,24,7-1,85
baglejo01,1983,12,6-0,72
baglema01,2019,2,6-10,82
baglema02,2025,NA,6-8,80
baileac01,2026,5,6-9,81
baileam01,2024,41,6-3,75
baileca01,1981,66,7-0,84
bailegu01,1975,23,6-5,77
baileja01,1980,6,6-9,81
baileth01,1984,7,6-11,83
baileto01,1999,45,6-6,78
bairsca01,2015,49,6-9,81
bakerla01,1999,NA,6-1,73
bakerma01,2005,NA,6-1,73
bakerro01,2017,NA,6-4,76
bakervi01,1994,8,6-11,83
baldwpa01,2023,28,7-0,84
baldwwa01,2017,17,6-4,76
balkmre01,2007,20,6-8,80
ballagr01,1978,4,6-7,79
ballce01,1991,NA,6-8,80
ballla01,2021,3,6-7,79
balllo01,2018,2,6-5,77
bambamo01,2019,6,7-0,84
banchpa01,2023,1,6-10,82
banede01,2021,30,6-6,78
banksge01,1982,28,6-7,79
banksma01,2004,13,6-2,74
bannike01,1985,156,6-9,81
bantoda01,2022,46,6-8,80
bantomi01,1974,8,6-9,81
barbeca01,2022,NA,6-2,74
barbole01,2004,28,6-3,75
bardost01,1991,41,6-5,77
bareajo01,2007,NA,5-10,70
bargnan01,2007,1,7-0,84
barklch01,1985,5,6-6,78
barkler01,2001,28,6-1,73
barlodo01,2023,NA,6-9,81
barneha02,2013,7,6-7,79
barnema01,1975,2,6-9,81
barnema02,2003,46,6-7,79
barnesc01,2022,4,6-8,80
barnhbr01,2026,44,6-5,77
barrean01,2005,NA,5-10,70
barrerj01,2020,3,6-6,78
barroda01,1990,16,5-11,71
barroea01,2006,NA,7-0,84
barrybr01,1996,15,6-6,78
barrydr01,1997,57,6-5,77
barryjo01,1993,21,6-4,76
barryri01,1966,4,6-7,79
bartowi01,2013,40,6-5,77
basdeed01,2006,NA,6-5,77
bassbr01,2006,33,6-8,80
bassech01,2022,53,6-10,82
basseti01,1974,106,6-8,80
basspa01,2022,NA,6-8,80
bastoma01,1999,58,6-9,81
bateeme01,2002,NA,6-11,83
batesbi01,1979,47,6-4,76
batesem01,2024,49,6-9,81
bateske01,2019,48,6-8,80
batises01,2006,NA,6-10,82
batismi01,2003,NA,6-8,80
battish01,2002,6,6-8,80
battito01,1998,5,6-11,83
battlja01,2025,NA,6-7,79
battljo01,1986,84,6-2,74
battlke01,1990,27,6-6,78
battoda01,1979,62,6-10,82
batumni01,2009,25,6-7,79
baughda01,2025,NA,6-4,76
baxtelo01,2003,44,6-8,80
bayleje01,2009,11,6-3,75
baynear01,2013,NA,6-10,82
bazarse01,1995,NA,6-2,74
bazemke01,2013,NA,6-4,76
bazleda01,2020,23,6-9,81
bealbr01,2013,3,6-4,76
beaslje01,2004,33,6-10,82
beaslma01,2017,19,6-4,76
beaslmi01,2009,2,6-9,81
beaubro01,2010,25,6-0,72
beaucma01,2023,24,6-7,79
beckco01,1996,NA,6-1,73
bedfowi01,1987,6,7-0,84
beekmre01,2025,NA,6-3,75
behagro01,1974,7,6-9,81
belinma01,2008,18,6-5,77
bellch01,2002,NA,6-3,75
belljo01,2018,38,6-8,80
bellra01,2001,NA,6-5,77
belltr01,2004,16,6-1,73
bembrde01,2017,21,6-5,77
bendedr01,2017,4,7-0,84
bendejo01,2000,5,6-11,83
benimje01,2015,NA,6-8,80
benjabe01,1986,3,7-0,84
benjaco01,1999,28,6-6,78
bennean01,2014,1,6-8,80
benneel01,1993,38,6-0,72
bennema01,1996,27,6-6,78
benneme01,1977,NA,6-7,79
benneto01,1993,35,6-0,72
bennewi01,1989,64,6-7,79
benoida01,1992,NA,6-8,80
bensoke01,1978,1,6-11,83
bensoke02,2012,48,6-11,83
bentibe01,2017,51,6-9,81
berinjo01,2026,17,6-11,83
bernaju01,2024,NA,6-6,78
berryri01,1989,18,6-8,80
berrywa01,1987,14,6-8,80
bertada01,2012,42,6-10,82
bertada02,2019,NA,6-4,76
beshode01,1979,NA,5-11,71
besttr01,1996,23,5-11,71
beverpa01,2010,42,6-2,74
beysa01,2021,19,6-8,80
beyty01,2021,36,6-7,79
bhullsi01,2015,NA,7-5,89
bibbyhe01,1973,58,6-1,73
bibbymi01,1999,2,6-1,73
biedran01,2005,11,6-11,83
billuch01,1998,3,6-3,75
biniojo01,1985,57,6-8,80
birchkh01,2018,NA,6-8,80
birdja01,2018,56,6-6,78
birdla01,1979,6,6-9,81
birdsot01,1978,2,6-3,75
bitadgo01,2020,18,6-11,83
bitimon01,2024,NA,6-6,78
biyombi01,2012,7,6-8,80
bjeline01,2011,35,6-10,82
blabuw01,1986,17,7-1,85
blackal01,1993,NA,6-6,78
blackan01,2024,6,6-7,79
blackco01,1985,28,6-6,78
blackja01,1995,NA,6-0,72
blackle01,2024,NA,6-6,78
blackna01,1988,27,6-4,76
blackno01,1981,NA,6-5,77
blackro01,1982,9,6-6,78
blackta01,2015,NA,6-9,81
blairde01,2010,37,6-7,79
blakean01,2018,NA,6-4,76
blakest01,2004,38,6-3,75
blalowi01,2007,60,6-0,72
blankla01,1991,26,6-4,76
blantri01,1990,46,6-7,79
blatcan01,2006,49,6-11,83
blaylmo01,1990,12,6-0,72
bledser01,2011,18,6-1,73
blevike01,2021,NA,6-4,76
blossja01,2018,59,6-8,80
blounco01,1994,25,6-9,81
blounma01,1998,55,7-0,84
blueva01,2014,NA,6-4,76
blumera01,1982,36,6-4,76
bobbito01,2005,NA,6-4,76
boehebu01,2023,NA,6-5,77
boganke01,2004,43,6-5,77
bogdabo01,2015,27,6-5,77
bogdabo02,2012,31,6-7,79
boguemu01,1988,12,5-3,63
bogutan01,2006,1,7-0,84
bohanet01,1998,NA,6-9,81
bolbo01,2020,44,7-3,87
boldejo01,2018,36,6-8,80
boldema01,2020,NA,6-10,82
bolma01,1984,97,7-7,91
bolmale01,2021,23,6-6,78
bolomjo01,2017,52,6-9,81
bonaad01,2025,41,6-10,82
bondwa01,1993,NA,6-5,77
bonejo01,2020,57,6-2,74
boneyde01,1997,NA,6-4,76
bongais01,2019,39,6-8,80
bonnean01,1991,23,6-8,80
bonnema01,2004,45,6-10,82
bookede01,2016,13,6-5,77
bookeme01,1996,NA,6-2,74
booketr01,2011,23,6-8,80
boonejo01,2007,23,6-10,82
boonero01,1969,147,6-2,74
boothca01,2000,35,6-11,83
boothke01,1998,28,6-6,78
boozeca01,2003,35,6-9,81
borchcu01,2003,18,7-0,84
borrela01,2000,NA,6-8,80
boshch01,2004,4,6-11,83
bostobr01,2022,51,6-6,78
bostola01,1979,81,6-8,80
bosweto01,1976,17,6-9,81
bouchch01,2018,NA,6-8,80
bouknja01,2022,11,6-4,76
boumtru01,2002,50,7-0,84
bouyeja01,2023,NA,6-2,74
bowdlca01,2000,17,6-10,82
bowenbr01,1997,NA,6-7,79
bowenbr02,2020,NA,6-7,79
bowenry01,1999,55,6-7,79
bowiean01,1987,66,6-6,78
bowiesa01,1985,2,7-1,85
bowmair01,2000,NA,6-5,77
bowmaky01,2020,NA,6-1,73
boycedo01,1996,42,6-5,77
boykiea01,1999,NA,5-5,65
boynewi01,1979,13,6-6,78
bozemce01,2007,NA,6-6,78
brackcr01,2011,21,6-10,82
bradlal01,1978,29,6-6,78
bradlal02,1982,86,6-6,78
bradlav01,2011,19,6-3,75
bradlch01,1982,23,6-5,77
bradldu01,1980,13,6-6,78
bradlmi01,2002,17,6-10,82
bradlsh01,1994,2,7-6,90
bradlto01,2018,28,6-10,82
bradtma01,1997,NA,6-10,82
braggma01,1996,NA,6-8,80
braggto01,1999,57,6-8,80
bramlaj01,2000,39,6-10,82
brancad01,1986,46,6-7,79
brandel01,2000,1,6-9,81
brandte01,1992,11,5-11,71
branhma01,2023,20,6-4,76
bransbr01,1981,45,6-10,82
brantja01,2020,50,6-5,77
bratzmi01,1978,66,6-2,74
braunch01,2023,21,6-6,78
brazdig01,2020,47,6-6,78
breako01,2026,41,6-5,77
breauti01,1995,NA,6-7,79
bremejr01,2003,NA,6-2,74
breuera01,1984,18,7-3,87
breweco01,2008,7,6-9,81
breweja01,2002,41,6-4,76
breweji01,1974,2,6-9,81
brewero01,1979,7,6-4,76
brewero02,2007,14,6-7,79
brezepr01,2001,27,7-2,86
brickfr01,1982,57,6-9,81
bridgja01,2025,NA,6-7,79
bridgju01,1976,8,6-5,77
bridgmi01,2019,10,6-6,78
bridgmi02,2019,12,6-7,79
brimaam01,2021,NA,6-10,82
briscis01,2019,NA,6-3,75
brissos01,2020,NA,6-7,79
bristal01,1974,21,6-7,79
brittda01,1981,57,6-4,76
brittmi01,1986,29,7-0,84
brockiz01,2024,NA,6-4,76
brockjo01,2010,38,6-7,79
broekry01,2019,NA,6-6,78
brogaji01,1982,NA,6-4,76
brogdma01,2017,36,6-4,76
brookaa01,2008,26,6-0,72
brookar01,2021,NA,6-3,75
brookdi01,2018,45,6-7,79
brookke01,1992,18,6-6,78
brookke02,2025,NA,6-7,79
brookma01,2012,25,6-5,77
brookmi01,1981,9,6-7,79
brooksc01,1989,NA,5-11,71
broomjo01,2026,35,6-10,82
brownan01,2007,NA,6-9,81
brownan02,2016,34,6-7,79
brownbo02,2009,NA,6-2,74
brownbr01,2019,42,6-4,76
brownch01,1990,43,6-7,79
brownch02,2020,NA,6-6,78
brownch05,2022,NA,6-5,77
brownda02,2002,37,6-9,81
brownde01,1991,19,6-2,74
brownde02,2003,NA,6-5,77
brownde03,2007,46,6-0,72
brownde04,2010,40,6-7,79
browner01,2001,52,7-0,84
brownfr01,1972,6,6-3,75
brownge02,1999,NA,6-4,76
browngr01,2022,43,6-7,79
brownja01,2015,NA,6-4,76
brownja02,2017,3,6-6,78
brownjo01,1974,10,6-7,79
brownke01,2002,11,6-7,79
brownke03,2023,48,6-6,78
brownko01,2024,30,6-7,79
brownkw01,2002,1,6-11,83
brownle02,1978,69,6-11,83
brownlo01,2014,52,6-5,77
brownma01,1997,46,6-3,75
brownma02,2015,44,6-3,75
brownmi01,1986,69,6-9,81
brownmo01,2020,NA,7-2,86
brownmy01,1992,34,6-3,75
brownpj01,1993,29,6-11,83
brownra01,1990,NA,6-8,80
brownra02,1992,31,6-2,74
brownri01,1981,13,6-10,82
brownro02,1972,64,6-11,83
brownsh01,2007,25,6-4,76
brownst02,2018,46,6-5,77
brownti01,2002,NA,6-2,74
brownto01,1983,82,6-6,78
browntr01,2019,15,6-7,79
brundst01,1990,32,6-6,78
brunsja01,2019,33,6-2,74
brunsri01,1998,NA,6-4,76
brussni01,2017,NA,6-8,80
bryanca01,2026,14,6-6,78
bryanel01,2021,NA,6-5,77
bryanjo01,1976,14,6-10,82
bryanko01,1997,13,6-6,78
bryanma01,1989,21,6-9,81
bryanth01,2018,42,6-9,81
bryanwa01,1983,30,7-0,84
brynto01,1990,NA,6-9,81
buchash01,2022,NA,6-3,75
buckngr01,1999,53,6-4,76
bucknqu01,1977,7,6-3,75
bucknst01,1990,NA,6-6,78
budinch01,2010,44,6-7,79
buechju01,1991,38,6-6,78
bufkiko01,2024,15,6-4,76
buforro01,2000,53,6-5,77
bullama01,1991,NA,6-10,82
bullore01,2014,25,6-6,78
burkepa01,2003,NA,6-11,83
burketr01,2014,9,6-0,72
burkmro01,1982,130,6-5,77
burksal01,2012,12,6-5,77
burksan01,2005,36,6-1,73
burleke01,2006,NA,6-3,75
burleto01,1975,3,7-2,86
burnsda01,1982,49,6-2,74
burnsev01,1994,31,6-8,80
burresc01,1994,20,6-7,79
burroju01,1996,33,6-8,80
burtode02,2019,NA,6-4,76
burtowi01,1991,9,6-8,80
burttst01,1985,30,6-2,74
busedo01,1973,34,6-4,76
butleca01,2003,10,6-7,79
butlegr01,1989,37,6-11,83
butleja01,2005,NA,6-10,82
butleja02,2022,40,6-3,75
butleji01,2012,30,6-6,78
butlejo01,2023,NA,7-0,84
butlemi02,1994,NA,6-5,77
butlera01,2003,53,6-7,79
buyckdw01,2014,NA,6-3,75
buzelma01,2025,11,6-8,80
byarsde01,2008,42,6-7,79
bynuman01,2006,10,7-0,84
bynumwi01,2006,NA,6-0,72
byrnema01,1979,19,6-7,79
cabarza01,2004,17,6-11,83
cabocbr01,2015,20,6-9,81
cacokde01,2020,NA,6-7,79
caffeja01,1996,20,6-8,80
cagemi01,1985,14,6-9,81
cainja01,2023,NA,6-7,79
calatni01,2010,45,6-6,78
caldejo01,2006,NA,6-3,75
caldwad01,1990,NA,6-8,80
caldwke01,2014,8,6-5,77
calhoco01,1973,4,6-7,79
calipde01,1992,NA,6-1,73
callori01,1991,NA,6-6,78
calvima01,1970,187,6-0,72
camarto01,2024,52,6-7,79
cambrde01,1993,NA,6-7,79
cambyma01,1997,2,6-11,83
campafa01,2021,NA,5-10,70
campbel01,1991,27,6-11,83
campbto01,1985,20,6-7,79
canaais01,2014,34,6-0,72
cancavl01,2018,49,6-8,80
cannade01,2021,NA,6-2,74
capelca01,2015,25,6-10,82
caracde01,2011,58,6-9,81
cardibr01,2001,44,6-8,80
cardwdy01,2026,NA,6-10,82
careyve01,2021,32,6-10,82
carlige01,2005,NA,6-3,75
carliri01,1985,70,6-5,77
carlsbr01,2025,NA,7-0,84
carnero01,2007,16,6-7,79
carran01,1984,8,6-9,81
carrau01,1972,1,6-4,76
carrch01,1996,56,6-5,77
carrco01,1999,49,6-3,75
carribo01,1977,28,6-6,78
carrica01,2025,14,6-4,76
carrke01,1978,6,6-7,79
carrml01,1974,76,6-6,78
carrode01,2010,27,6-6,78
carrojo01,1981,1,7-0,84
carroma01,2004,NA,6-6,78
carruji01,1997,NA,6-10,82
cartean01,2000,NA,6-1,73
cartebu01,1981,37,6-5,77
cartede02,2025,13,6-2,74
carteho01,1984,15,6-5,77
carteje01,2019,32,6-0,72
cartema01,2004,NA,6-5,77
cartemi01,2014,11,6-6,78
cartere01,1980,27,6-3,75
cartero01,1979,26,6-5,77
cartevi01,1999,5,6-6,78
cartewe01,2019,7,6-10,82
cartodj01,2024,NA,6-2,74
cartwbi01,1980,3,7-1,85
carusal01,2018,NA,6-5,77
cassesa01,1994,24,6-3,75
casspom01,2010,23,6-9,81
castlco01,2024,NA,6-10,82
castlst01,2025,4,6-6,78
catchha01,1974,138,6-9,81
catlete01,1986,21,6-8,80
catoke01,1998,15,6-11,83
cattabo01,1982,165,6-9,81
caulewi01,2016,6,7-0,84
caupatr01,2019,NA,6-4,76
causwdu01,1991,18,7-0,84
cavanty01,2018,NA,6-9,81
cavenro01,1985,NA,7-1,85
caverah01,2022,NA,6-2,74
cazalma01,2024,NA,6-6,78
cebalce01,1991,48,6-7,79
celesjo01,2000,30,6-4,76
chalmli01,2005,33,6-0,72
chalmma01,2009,34,6-2,74
chambto01,1982,8,6-10,82
champju01,2022,NA,6-6,78
champju02,2023,NA,6-7,79
champmi01,1989,NA,6-10,82
chandke01,2023,38,6-0,72
chandty01,2002,2,7-0,84
chandwi01,2008,23,6-8,80
chanedo01,1969,12,6-5,77
chapmre01,1989,8,6-4,76
charllo01,1986,41,6-7,79
chealjo01,2019,NA,6-4,76
cheanca01,1994,6,6-7,79
cheatzy01,2020,NA,6-5,77
cheekma01,1979,36,6-1,73
cheniph01,1972,NA,6-3,75
cherrwi01,2015,NA,6-0,72
chievde01,1989,16,6-7,79
chilcpe01,1992,27,6-10,82
childch01,1995,NA,6-3,75
childjo01,2005,6,6-8,80
childra01,1996,19,6-2,74
chiozch01,2019,NA,5-11,71
chomcul01,2025,57,6-11,83
choneji01,1974,31,6-11,83
chrisca02,2025,46,6-5,77
chrisdi01,2014,NA,6-5,77
chrisdo01,1993,17,6-6,78
chrisjo01,2022,24,6-4,76
chrisma01,2017,8,6-9,81
chrisma02,2023,35,6-5,77
chrispa01,2015,NA,6-5,77
chrisra01,2016,36,6-9,81
chrisse01,2015,55,6-3,75
churcro01,1996,NA,6-6,78
cissemo01,2026,NA,6-11,83
cissosi01,2024,44,6-6,78
clarkbr01,2020,21,6-8,80
clarkca01,1984,91,6-4,76
clarkco01,2016,NA,6-7,79
clarkea01,2010,14,6-10,82
clarkga01,2019,NA,6-6,78
clarkia01,2014,NA,6-3,75
clarkja02,2024,53,6-5,77
clarkjo01,2015,46,6-5,77
clarkke01,1999,13,6-11,83
clavegi01,2018,NA,6-4,76
clavevi01,2010,22,6-9,81
claxtch01,1995,50,7-0,84
claxtni01,2020,31,6-11,83
claxtsp01,2001,20,5-11,71
claytwa01,2026,18,6-4,76
cleamji01,1972,13,6-3,75
cleavma01,2001,14,6-2,74
clemoch01,2020,NA,5-9,69
clevean01,2018,NA,6-5,77
cliffni01,2026,24,6-5,77
clingdo01,2025,7,7-2,86
closske01,1998,NA,7-3,87
clownno01,2024,21,6-10,82
coffeam01,2020,NA,6-7,79
cofferi01,1991,NA,6-6,78
cofiefr01,1986,73,6-3,75
cokerjo01,1996,NA,7-0,84
colembe01,1985,37,6-9,81
colemde01,1991,1,6-10,82
colemno01,1988,38,6-8,80
coleno01,2012,28,6-2,74
colesbi01,1991,40,6-0,72
colliar01,1977,103,6-4,76
collida01,2010,21,6-0,72
collido01,1974,1,6-6,78
collido02,1981,18,6-6,78
colliis01,2025,29,6-4,76
collija01,1998,37,6-4,76
collija02,2001,15,7-0,84
collija03,2002,53,6-11,83
collija04,2002,18,7-0,84
collijo01,2018,19,6-9,81
colliky01,2018,NA,6-6,78
collima01,2007,29,6-6,78
collini01,2004,12,6-10,82
collish01,2011,NA,5-11,71
colliyu01,2025,NA,6-0,72
colliza01,2018,10,6-9,81
colsobo01,2019,NA,6-6,78
colsose01,2001,NA,6-0,72
coltest01,1985,33,6-3,75
comanch01,2023,NA,6-10,82
combsle01,1984,26,6-8,80
comegda01,1988,21,6-9,81
conlemi01,2008,4,6-1,73
conloma01,1992,NA,6-10,82
connapa01,2016,41,6-5,77
connele01,1983,14,6-4,76
conrowi01,2007,NA,6-2,74
cookan01,1990,24,6-9,81
cookbr01,2004,24,6-9,81
cookda01,1981,70,6-3,75
cookda02,2008,21,6-5,77
cookech01,2018,NA,6-5,77
cookeda01,1986,NA,6-8,80
cookeja01,2026,NA,6-6,78
cookje01,1979,49,6-10,82
cookom01,2002,32,6-1,73
cookqu01,2017,NA,6-1,73
cooksxa01,2023,NA,6-8,80
cookty01,2020,NA,6-8,80
cooleja01,2015,NA,6-10,82
coopedu01,1993,36,6-1,73
coopejo01,1982,95,6-10,82
coopemi01,1979,60,6-7,79
coopesh01,2022,48,6-0,72
coopewa01,1979,40,6-10,82
copato01,1992,NA,6-10,82
copelch01,2013,NA,6-9,81
copelho01,1979,46,6-6,78
copella01,1990,NA,6-6,78
corbity01,1986,35,6-6,78
corchch01,1992,36,6-0,72
cornepe01,2017,53,6-11,83
corzida01,1979,18,6-11,83
costema01,2018,NA,6-10,82
cottobr01,2015,NA,6-1,73
cottoja02,1998,33,6-5,77
coughjo01,1974,74,6-7,79
coulibi01,2024,7,6-7,79
councri01,2024,NA,6-6,78
courtjo01,1993,NA,6-8,80
couside01,2011,5,6-10,82
cousima01,2011,NA,6-11,83
covinro01,2014,NA,6-7,79
cowarce01,2026,11,6-5,77
cowenda01,1971,4,6-9,81
coxch01,1979,159,6-2,74
crabbal01,2014,31,6-5,77
craigto01,2018,NA,6-5,77
crawfch01,1998,51,6-9,81
crawfis01,2025,NA,6-6,78
crawfja01,2001,8,6-5,77
crawfjo01,2009,58,6-5,77
crawfjo02,2011,27,6-4,76
creekmi01,2019,NA,6-6,78
creviro01,1984,75,7-0,84
crispjo01,2002,NA,6-0,72
crissch01,1978,NA,5-8,68
critewi01,1988,53,6-7,79
crittja01,2008,19,6-5,77
crompge01,1979,70,6-11,83
crosbte01,1980,62,6-4,76
croshau01,1998,12,6-9,81
crossje01,1985,61,6-10,82
crossru01,1984,6,6-10,82
crottjo01,1993,NA,6-1,73
crowdco01,1992,NA,6-5,77
crowdja01,2013,34,6-6,78
crutcja01,2024,NA,6-1,73
cuiyo01,2025,NA,6-5,77
culveja01,2020,6,6-6,78
cumbeja01,2022,NA,6-5,77
cummipa01,1979,59,6-9,81
cummite01,1983,2,6-9,81
cummivo01,2000,26,6-3,75
cunnica01,2022,1,6-6,78
cunnida01,2010,33,6-8,80
cunnija01,2013,24,6-4,76
cunniwi01,1998,NA,6-11,83
curcira01,1993,NA,6-10,82
curetea01,1980,58,6-9,81
curlebi01,1995,22,6-9,81
curryde01,1987,15,6-4,76
curryed01,2002,4,7-0,84
curryja01,2008,51,6-3,75
currymi01,1994,NA,6-5,77
curryse01,2014,NA,6-1,73
curryst01,2010,7,6-2,74
cvetkra01,1996,NA,7-1,85
dadiepa01,2025,25,6-9,81
dailequ01,1983,7,6-3,75
dalemsa01,2002,26,6-11,83
dampier01,1997,10,6-11,83
dandrbo01,1970,45,6-6,78
daniean01,1998,4,6-4,76
daniedy01,2023,8,6-7,79
danieer01,2005,NA,6-8,80
daniell01,1993,NA,6-7,79
daniema01,2004,NA,6-6,78
danietr01,2014,NA,6-4,76
danilsa01,1993,43,6-5,77
dantlad01,1977,6,6-5,77
dareyi01,1995,14,7-0,84
darlina01,2021,NA,6-5,77
dasiltr01,2025,18,6-8,80
datomlu01,2014,NA,6-8,80
daughbr01,1987,1,7-0,84
davidje01,2008,36,6-10,82
davidko01,1999,NA,6-9,81
daviebr01,2014,NA,6-10,82
davisan01,1991,45,6-9,81
davisan02,2013,1,6-10,82
davisba01,2000,3,6-3,75
davisbe01,1997,43,6-9,81
davisbr01,1978,15,6-3,75
davisbr02,1993,48,6-7,79
davisch02,1982,35,6-7,79
davisda01,1992,13,6-11,83
davisde01,2017,31,6-9,81
davised01,2011,13,6-9,81
davisem01,1997,NA,6-4,76
davisgl01,2008,35,6-9,81
davisha01,1979,33,6-7,79
davishu01,1993,20,6-5,77
davisjd01,2023,53,6-1,73
davisjo01,1977,22,6-2,74
davisjo02,2004,NA,6-8,80
davisjo06,2023,10,6-4,76
davisma01,1986,79,6-6,78
davisma02,1996,48,6-7,79
davismi03,1983,NA,6-10,82
davismo01,1981,21,6-7,79
davispa01,2007,34,6-11,83
davisri01,1999,21,6-6,78
davisro01,1977,70,6-6,78
daviste01,1990,NA,6-9,81
daviste02,2020,NA,6-4,76
davisty01,2019,NA,6-10,82
daviswa03,1978,5,6-6,78
dawkian01,2015,NA,6-5,77
dawkida01,1976,5,6-11,83
dawkijo01,1987,10,6-2,74
dawkipa01,1980,185,6-5,77
dawsobr01,2016,56,6-6,78
dawsoer01,2012,NA,6-9,81
dawsoto01,1991,NA,6-7,79
dayeau01,2010,15,6-11,83
dayeda01,1984,57,6-8,80
daysda01,2023,NA,6-7,79
dayto01,1993,8,6-6,78
deanegr01,1980,67,6-4,76
deckga01,2021,NA,6-6,78
declean01,1996,34,6-10,82
decolna01,2010,53,6-5,77
dedmode01,2014,NA,6-10,82
deherte01,1994,13,6-2,74
dejeabr01,2016,NA,6-6,78
dekkesa01,2016,18,6-9,81
delanma01,2017,NA,6-3,75
delauja01,2022,NA,6-10,82
delebi01,1992,10,6-11,83
delfica01,2004,25,6-6,78
delgaan01,2019,NA,6-10,82
delkto01,1997,16,6-1,73
dellama01,2014,NA,6-3,75
delnevi01,1989,29,6-4,76
dembofe01,1989,30,6-5,77
demicla01,1980,9,6-9,81
demineg01,2026,8,6-8,80
dempsde01,1994,NA,6-3,75
denglu01,2005,7,6-9,81
dennake01,1982,78,6-8,80
dennide01,2024,NA,6-5,77
dennira01,2025,NA,6-1,73
dentmju01,2012,NA,5-11,71
derozde01,2010,9,6-6,78
derrima01,2019,NA,6-7,79
diabamo01,2023,43,6-10,82
diakima01,2021,NA,6-9,81
dialde01,1999,52,6-4,76
diallch01,2017,33,6-8,80
diallha01,2019,45,6-5,77
diawamo01,2026,51,6-9,81
diawaya01,2007,NA,6-7,79
diawbo01,2004,21,6-8,80
diazgu01,2007,52,6-2,74
dickada01,2003,28,6-0,72
dickeka01,2001,50,6-8,80
dickemi01,1999,14,6-5,77
dickgr01,2024,13,6-7,79
dickihu01,2026,NA,7-1,85
dienetr01,2006,38,6-1,73
dienggo01,2014,21,6-10,82
diengou01,2023,11,6-9,81
dietrco01,1971,155,6-10,82
dillami01,1982,55,6-3,75
dilliro01,2025,8,6-2,74
dinkiby01,1990,NA,6-1,73
dinwisp01,2015,38,6-5,77
dioguik01,2006,9,6-8,80
diopde01,2002,8,7-0,84
divacvl01,1990,26,7-1,85
divindo01,2019,17,6-4,76
dixonju01,2003,17,6-3,75
djordal01,1997,NA,6-2,74
doleami01,1999,12,6-11,83
donalja01,1980,73,7-2,86
doncilu01,2019,3,6-8,80
donovbi01,1988,68,5-11,71
doolike01,2001,10,6-3,75
dorseja01,1977,26,6-7,79
dorsejo01,2009,33,6-8,80
dorsety01,2018,41,6-4,76
dortlu01,2020,NA,6-4,76
dosunay01,2022,38,6-4,76
dotsoda01,2018,44,6-5,77
dotsode01,2021,NA,6-1,73
doubyqu01,2007,19,6-3,75
douglbr01,1987,57,6-3,75
douglch01,2009,40,6-7,79
dougljo01,1979,118,6-2,74
douglle01,1977,4,6-10,82
douglsh01,1990,28,6-0,72
douglto01,2010,29,6-2,74
doumbse01,2020,15,6-8,80
dowdeza01,2011,NA,6-3,75
dowtije01,2022,NA,6-3,75
doylemi01,2018,NA,6-4,76
doziepj01,2018,NA,6-6,78
doziete01,1990,NA,6-9,81
dragigo01,2009,45,6-4,76
dragizo01,2015,NA,6-5,77
dreilgr01,1987,26,7-1,85
drellhe01,2024,NA,6-8,80
drewbr01,1999,16,6-2,74
drewjo01,1975,25,6-6,78
drewla01,1981,17,6-1,73
drewla02,2015,NA,6-2,74
drexlcl01,1984,14,6-7,79
driggna01,1997,NA,6-5,77
drobnpr01,1998,49,6-11,83
drollra01,1977,121,7-2,86
drumman01,2013,9,6-11,83
duartch01,2022,13,6-5,77
ducasal01,2025,NA,6-7,79
duckwke01,1987,33,7-0,84
dudlech02,1988,75,6-11,83
dudleja01,2008,22,6-6,78
duerote01,1980,48,6-2,74
duhonch01,2005,38,6-1,73
dukandu01,2016,NA,6-9,81
dukeda01,2022,NA,6-4,76
dumarjo01,1986,18,6-3,75
dumasri02,1992,46,6-7,79
dumasto01,1995,19,6-6,78
duncati01,1998,1,6-11,83
dunlemi01,1977,99,6-3,75
dunlemi02,2003,3,6-9,81
dunnkr01,2017,5,6-3,75
dunnry01,2025,28,6-7,79
dunntr01,1978,41,6-4,76
duprero01,2004,NA,6-7,79
duranke01,2008,2,6-11,83
durenja01,2023,13,6-10,82
durenjo01,1981,19,6-3,75
durhapa01,1990,35,6-7,79
durrade01,1985,25,6-7,79
duvaltr01,2019,NA,6-2,74
dykemcr01,1982,66,6-8,80
dysonje01,2012,NA,6-3,75
eacklle01,1989,36,6-5,77
earlac01,1994,19,6-10,82
earlycl01,2015,34,6-8,80
easonta01,2023,17,6-8,80
eatonma01,1980,107,7-4,88
eavesje01,1983,55,6-4,76
ebankde01,2011,43,6-9,81
ebind01,2004,26,6-9,81
echenja01,2022,NA,6-11,83
eddieja01,2016,NA,6-7,79
eddiepa01,1992,NA,6-11,83
edelike01,1985,140,6-8,80
edeyza01,2025,9,7-3,87
edgecvj01,2026,3,6-4,76
edmonke01,1983,10,6-5,77
edneyty01,1996,47,5-10,70
edwaran01,2021,1,6-4,76
edwarbi01,1994,NA,6-8,80
edwarbl01,1990,21,6-4,76
edwarca01,2020,33,5-11,71
edwarco01,2003,58,6-9,81
edwardo01,1994,15,6-7,79
edwarfr01,1982,22,6-1,73
edwarja01,1978,46,7-1,85
edwarja02,1990,33,6-4,76
edwarje01,2025,NA,7-0,84
edwarjo01,2005,NA,7-0,84
edwarju01,2025,NA,6-7,79
edwarke01,1989,20,6-3,75
edwarke02,2022,44,6-8,80
edwarro01,2022,NA,6-5,77
edwarsh01,2014,NA,6-7,79
edwarvi01,2019,52,6-8,80
ehlocr01,1984,48,6-6,78
eisleho01,1995,30,6-2,74
ekeziob01,2000,37,6-9,81
elamikh01,2001,34,5-10,70
eliema01,1986,160,6-5,77
ellebcj01,2021,46,6-6,78
ellenhe01,2017,18,6-10,82
ellinwa01,2010,28,6-4,76
elliobo01,1978,42,6-9,81
elliose01,1990,3,6-8,80
ellisbo02,1978,17,6-9,81
ellisda01,1984,9,6-7,79
ellisha01,1994,NA,6-5,77
elliske01,2023,NA,6-4,76
ellisla01,1993,5,6-8,80
ellisle02,1992,22,6-9,81
ellismo01,2006,40,6-3,75
ellispe01,1990,1,6-9,81
elmorle01,1975,13,6-9,81
elsonfr01,2000,41,7-0,84
elyme01,2003,12,6-10,82
embiijo01,2015,3,7-0,84
emmetan01,2005,35,6-5,77
englech01,1983,60,6-11,83
englewa01,1989,NA,6-8,80
engliaj01,1991,37,6-3,75
englial01,1977,23,6-8,80
englijo01,1993,NA,6-4,76
engliki01,2013,44,6-6,78
ennisja01,2014,50,6-6,78
ennisty01,2015,18,6-3,75
erdense01,2009,60,7-0,84
ervinju01,1973,12,6-7,79
eschmev01,2000,34,6-11,83
esposvi01,1996,NA,6-3,75
etienty01,2025,NA,6-0,72
eubandr01,2019,NA,6-10,82
evansbr01,1997,27,6-8,80
evansea01,1979,157,6-8,80
evansja01,2018,39,6-0,72
evansja02,2019,28,6-4,76
evansje01,2011,55,6-9,81
evansma01,2002,NA,6-5,77
evansmi01,1979,21,6-1,73
evansre01,2003,NA,6-8,80
evansty01,2010,4,6-6,78
evbuoto01,2024,NA,6-8,80
ewingda01,2006,32,6-3,75
ewingpa01,1986,1,7-0,84
ewingpa02,2009,43,6-8,80
exumda01,2015,5,6-5,77
eyengch01,2010,30,6-5,77
ezelife01,2013,30,6-11,83
fallta01,2020,NA,7-6,90
farieke01,2012,22,6-8,80
farmajo01,2007,26,6-2,74
farmede01,2007,NA,6-5,77
farmeji01,1988,20,6-4,76
farmeto01,1998,NA,6-9,81
favervi01,2014,NA,6-11,83
favorde01,2011,3,6-9,81
fazekni01,2008,34,6-11,83
fearsje01,2026,7,6-3,75
feickja01,1997,48,6-8,80
feitlda01,1987,43,6-11,83
feldeka01,2017,54,5-9,69
feliccr01,2016,NA,6-11,83
felixca01,2014,33,6-6,78
felixno01,2006,NA,6-9,81
feltora01,2006,5,6-1,73
fergude01,2004,NA,6-7,79
fergute01,2018,21,6-6,78
fernabr01,2020,34,6-9,81
fernaru01,2008,24,6-6,78
fernser01,1976,62,6-10,82
ferredu01,1989,NA,6-7,79
ferrero01,1989,26,7-1,85
ferreyo01,2017,NA,6-0,72
ferryda01,1990,2,6-10,82
fesenky01,2008,38,7-1,85
fieldke01,1985,21,6-5,77
fieldla01,2011,39,6-7,79
filipky01,2025,32,6-11,83
finlemi01,1996,21,6-7,79
finnedo01,2017,NA,6-7,79
fishede01,1997,24,6-1,73
fishma01,1993,50,6-11,83
fitchge01,2006,NA,6-3,75
fittsma01,2021,NA,6-5,77
fizerma01,2001,4,6-9,81
flaggco01,2026,1,6-9,81
flaglad01,2024,NA,6-1,73
flemira01,2026,31,6-9,81
flemive01,1985,18,6-5,77
florelu01,2005,55,6-2,74
flowebr01,1980,26,6-8,80
flowetr01,2025,NA,6-9,81
floydsl01,1983,13,6-3,75
flynnjo01,2010,6,6-0,72
flynnma01,2021,29,6-1,73
fontais01,2002,NA,6-4,76
fontesi01,2023,NA,6-7,79
footeje01,2012,NA,7-0,84
forbebr01,2017,NA,6-2,74
forbega01,2011,NA,6-7,79
fordal01,1994,32,6-1,73
fordal02,2002,51,6-9,81
fordal03,2022,NA,6-8,80
fordch01,1973,17,6-5,77
forddo01,1976,92,6-9,81
fordjo01,2024,NA,6-1,73
fordph01,1979,2,6-2,74
fordsh01,1996,26,6-7,79
fordsh02,2006,NA,6-9,81
fordtj01,2004,8,6-0,72
forretr01,2021,NA,6-4,76
fortejo01,2002,21,6-4,76
fortsco01,2012,NA,5-11,71
fortsda01,1998,10,6-7,79
fostegr01,1991,35,6-11,83
fosteje01,2000,21,6-11,83
fostemi02,2023,NA,6-8,80
fostero01,1984,28,6-1,73
fotsian01,2002,48,6-10,82
fournev01,2013,20,6-6,78
fowlktr01,1999,54,6-8,80
foxde01,2018,5,6-3,75
foxri01,1992,24,6-7,79
foyera01,2007,7,6-4,76
foylead01,1998,8,6-10,82
frahmri01,2004,NA,6-5,77
francst01,2000,2,6-3,75
frankja01,2014,41,6-5,77
frankro01,2021,NA,6-7,79
frankte01,1988,14,6-10,82
frazime01,2019,35,6-6,78
frazimi01,2020,NA,6-3,75
fraziti01,2015,NA,6-1,73
fraziwa01,1968,5,6-4,76
fredean01,1987,133,6-7,79
fredeji01,2012,10,6-2,74
freeljo01,2007,30,6-10,82
freemen01,2025,50,6-9,81
freemja01,2024,NA,6-3,75
freewo01,1976,23,6-3,75
freijma01,2005,53,6-10,82
fryech01,2006,8,7-0,84
fudgeal01,2024,NA,6-8,80
fullehi01,2004,NA,6-9,81
fulleto01,1981,93,6-4,76
fulleto02,1997,11,6-11,83
fultzma01,2018,1,6-4,76
fundela01,1995,51,6-9,81
funkan01,2024,NA,6-5,77
furlote01,1977,12,6-4,76
furphjo01,2025,35,6-8,80
gabriwe01,2020,NA,6-9,81
gadzuda01,2003,34,6-11,83
gaffoda01,2020,38,6-10,82
gaide01,2006,NA,6-9,81
gaineco01,1989,65,6-3,75
gainere01,2004,15,6-6,78
gainesu01,2010,NA,6-1,73
galemi01,1972,47,6-4,76
gallach01,1992,32,6-10,82
gallida01,2009,6,6-10,82
gallola01,2015,NA,6-1,73
gamblke01,1988,63,6-5,77
garbajo01,2007,NA,6-9,81
garceru01,2001,NA,6-9,81
garcial01,2004,NA,6-3,75
garcifr01,2006,23,6-7,79
gardnmy01,2026,NA,6-5,77
gardnth01,2008,NA,6-5,77
garinpa01,2017,NA,6-6,78
garlada01,2020,5,6-1,73
garlaga01,1980,30,6-4,76
garlawi01,1988,40,6-2,74
garnebi02,1983,4,6-9,81
garnech01,1998,NA,5-10,70
garneke01,1996,5,6-11,83
garnema01,1999,NA,6-2,74
garrebi01,2019,NA,6-6,78
garreca01,1980,47,6-7,79
garrede01,1989,38,6-11,83
garredi02,2013,NA,6-4,76
garrema01,2022,NA,6-5,77
garrijo01,1984,27,6-8,80
garriki01,1998,NA,6-2,74
garripa01,1999,19,6-9,81
garrito01,1989,45,6-2,74
garubus01,2022,23,6-8,80
garzalu01,2022,52,6-10,82
gasolma01,2008,48,6-11,83
gasolpa01,2002,3,7-0,84
gateska01,2024,NA,6-8,80
gatlich01,1992,16,6-10,82
gattike01,1987,55,6-8,80
gayru01,2007,8,6-8,80
gazean01,1994,NA,6-7,79
gbinimi01,2017,49,6-7,79
gearyre01,1997,56,6-2,74
geeal01,2010,NA,6-6,78
geigema01,1993,42,7-0,84
gelabmi01,2006,48,6-7,79
georgde01,2000,23,6-8,80
georgke01,2024,16,6-4,76
georgky01,2025,24,6-8,80
georgma01,2017,NA,6-5,77
georgpa01,2011,10,6-8,80
georgta01,1991,22,6-5,77
gerargu01,1976,50,6-8,80
gervide01,1986,90,6-8,80
gervige01,1975,40,6-7,79
gianejo01,1973,20,6-10,82
gibsoda01,2007,42,6-2,74
gibsojo01,2017,NA,6-2,74
gibsomi01,1983,44,6-10,82
gibsota01,2010,26,6-9,81
giddejo01,2022,6,6-7,79
giddejr01,2009,30,6-5,77
gildetr01,2010,NA,6-9,81
gilesha01,2018,20,6-10,82
gilgesh01,2019,11,6-6,78
gillan01,2021,NA,6-7,79
gillebe01,1989,NA,7-0,84
gilleco01,2024,NA,6-1,73
gilled01,2001,NA,6-0,72
gillefr01,2021,NA,6-9,81
gilliar01,1988,2,6-9,81
gillke01,1991,5,6-5,77
gilmoar01,1972,117,7-2,86
gilyaja01,2023,NA,5-8,68
ginobma01,2000,57,6-6,78
giricgo01,2000,40,6-6,78
givenja01,1979,16,6-5,77
gladnmi01,2012,NA,6-11,83
glassge01,1991,20,6-5,77
glennmi01,1978,23,6-2,74
gloucge01,1986,148,6-8,80
glovedi01,2000,20,6-5,77
glynian01,2004,58,7-1,85
gminsmi01,1981,7,6-11,83
goberru01,2014,27,7-1,85
godfrda01,1991,NA,6-10,82
goldwan01,1995,52,6-1,73
gomesry01,2006,50,6-7,79
gondrgl01,1978,26,6-6,78
gondrgr01,1987,77,6-5,77
gonzahu01,2026,28,6-6,78
goodedr01,2003,4,6-10,82
goodrst01,2001,NA,6-10,82
goodwar01,2014,29,6-5,77
goodwbr01,2019,NA,6-0,72
goodwjo01,2022,NA,6-3,75
gordoaa01,2015,4,6-8,80
gordobe01,2005,3,6-3,75
gordodr01,2015,NA,6-9,81
gordoer01,2009,7,6-3,75
gordola01,1985,8,6-3,75
gortama01,2006,57,6-11,83
gortmja01,2025,NA,6-2,74
goudean01,2012,46,6-3,75
graceri01,1989,67,6-1,73
grahade01,2019,34,6-1,73
grahagr01,1994,17,6-4,76
grahajo01,2006,16,6-7,79
grahaor01,1989,40,6-8,80
grahapa01,1992,NA,6-6,78
grahast01,2006,NA,6-6,78
grahatr01,2017,NA,6-5,77
grandji01,1985,76,7-0,84
grandro01,1988,100,6-6,78
grangda01,2006,17,6-9,81
grangst01,1984,24,6-3,75
grantbr01,1995,8,6-9,81
grantdo01,2019,NA,6-8,80
grantga01,1989,15,6-3,75
grantgr01,1990,52,5-7,67
grantha01,1989,12,6-8,80
grantho01,1988,10,6-10,82
grantje01,2015,39,6-7,79
grantje02,2016,19,6-4,76
grantjo01,1994,43,6-9,81
grantpa01,1998,20,7-0,84
gravebu01,1985,68,6-3,75
graveha01,2022,NA,6-2,74
grayaa01,2008,49,7-0,84
grayde01,1997,NA,6-7,79
grayed01,1998,22,6-3,75
grayeje01,1989,13,6-5,77
grayev01,1997,NA,6-7,79
grayjo01,2018,NA,6-0,72
grayra01,2022,59,6-7,79
grayst01,1985,29,7-0,84
graysy01,1989,35,6-6,78
greenac01,1986,23,6-9,81
greenaj01,2023,NA,6-4,76
greenda01,1980,2,6-9,81
greenda02,2010,46,6-6,78
greende01,2006,NA,6-7,79
greendo01,2009,28,6-11,83
greendr01,2013,35,6-6,78
greener01,2014,46,6-4,76
greenge01,2006,18,6-6,78
greenja01,2015,NA,6-9,81
greenja02,2020,NA,6-5,77
greenja05,2022,2,6-4,76
greenje02,2008,5,6-8,80
greenjo02,2021,18,6-6,78
greenke01,1982,34,6-8,80
greenke02,1986,12,6-6,78
greenli01,1993,39,6-1,73
greenmi01,1974,4,6-10,82
greenor01,2006,53,6-4,76
greenri01,1978,16,6-0,72
greense01,1992,41,6-5,77
greensi02,1984,5,6-9,81
greenta01,2008,52,6-0,72
greenwi01,2004,41,6-4,76
greerly01,2007,NA,6-2,74
gregocl01,1982,41,6-8,80
greigjo01,1983,65,6-7,79
greveke01,1976,18,6-5,77
griffad01,2000,NA,6-5,77
griffaj01,2023,16,6-6,78
griffbl01,2010,1,6-9,81
griffda01,1981,2,6-4,76
griffed01,2002,7,6-10,82
griffpa01,1977,74,6-9,81
griffta01,2010,48,6-7,79
grimequ01,2022,25,6-4,76
grimmde01,1998,NA,6-9,81
grossbo01,1976,25,6-6,78
grundan01,2006,NA,6-3,75
grunfer01,1978,11,6-6,78
gudmupe01,1982,61,7-2,86
gudurma01,2020,NA,6-6,78
gueyemo01,2024,NA,6-9,81
gueyemo02,2024,39,6-11,83
guglito01,1993,6,6-10,82
guibean01,1994,NA,6-10,82
guidija01,1993,NA,6-10,82
gutiejo01,2014,NA,6-3,75
guyky01,2020,55,6-1,73
guytoaj01,2001,32,6-1,73
hachiru01,2020,9,6-8,80
haddaha01,2009,NA,7-2,86
haffnsc01,1990,45,6-3,75
haganas01,2021,NA,6-3,75
hagangl01,1979,43,6-0,72
hairsma01,2009,48,6-6,78
hairspj02,2015,26,6-6,78
haislma01,2003,13,6-10,82
haleyja01,1988,79,6-10,82
halibty01,2021,12,6-5,77
hallde01,2019,53,6-2,74
halldo01,2020,NA,6-10,82
halljo01,2021,NA,6-9,81
halljo02,2023,NA,6-7,79
hallmi01,2007,NA,6-8,80
hallpj01,2025,NA,6-8,80
hallty01,2022,NA,6-5,77
hamda01,1997,NA,6-7,79
hamerst01,1997,38,7-0,84
hamilda02,2017,56,6-7,79
hamiljo02,2012,26,6-7,79
hamilju01,2013,45,7-0,84
hamilri01,2000,7,6-7,79
hamilro01,1980,10,6-2,74
hamilta01,2002,NA,6-8,80
hamilth01,1996,NA,7-2,86
hamilze01,2001,NA,6-11,83
hammige01,1994,26,7-0,84
hammoaj01,2017,46,7-0,84
hammoto01,1990,9,6-9,81
hamptrj01,2021,24,6-4,76
hancoda01,1995,38,6-7,79
handlbe01,2004,NA,6-10,82
hannadu01,2019,NA,6-4,76
hansbbe01,2013,NA,6-3,75
hansbty01,2010,13,6-9,81
hansebo01,1984,54,6-6,78
hansetr01,2004,37,6-6,78
hansore01,1998,NA,6-8,80
hanzlbi01,1981,20,6-7,79
haranlu01,2011,52,6-8,80
hardaan01,1994,3,6-7,79
hardati01,1990,14,6-0,72
hardati02,2014,24,6-5,77
hardeja01,2010,3,6-5,77
hardyal01,1981,NA,6-7,79
hardyja01,1979,11,6-8,80
hardyja02,2023,37,6-3,75
harklej01,2025,NA,6-3,75
harklma01,2013,15,6-7,79
harmoje01,1995,NA,6-4,76
harpede01,1984,11,6-4,76
harpedy01,2026,2,6-5,77
harpeja01,2020,NA,5-10,70
harpeju01,2012,32,6-10,82
harpemi01,1981,56,6-10,82
harpero01,1987,8,6-6,78
harpero02,2023,NA,6-5,77
harprma01,1999,15,6-7,79
harrejo01,2012,45,6-10,82
harremo01,2016,32,6-7,79
harriaa01,2016,NA,6-6,78
harriad01,2003,NA,6-5,77
harrial01,1999,25,6-9,81
harrian01,2016,44,6-6,78
harrida01,2005,29,7-0,84
harride01,2005,5,6-3,75
harriel01,2014,NA,6-8,80
harriga01,2015,19,6-4,76
harrija01,2021,59,6-5,77
harrijo01,2015,33,6-6,78
harriju01,2003,NA,6-4,76
harrike01,2023,NA,6-5,77
harrilu01,1994,28,6-5,77
harrima01,2011,NA,6-5,77
harrimi01,2008,NA,6-6,78
harriot01,1997,30,6-9,81
harrish01,2018,NA,6-4,76
harrist01,1986,19,6-5,77
harrite01,2012,NA,6-5,77
harrito01,1991,NA,6-3,75
harrito02,2012,19,6-8,80
harteis01,2018,43,7-0,84
hartja01,2001,49,6-3,75
hartjo01,2018,30,6-5,77
harvean01,1994,NA,6-11,83
harvedo01,2001,22,6-8,80
haskisc01,1994,14,6-11,83
hasleud01,2004,NA,6-8,80
hassejo01,1978,52,6-5,77
hassetr01,2002,30,6-5,77
hastisc01,1983,29,6-10,82
hastoki01,2002,16,6-9,81
hausesa01,2022,NA,6-7,79
hawessp01,2008,10,7-1,85
hawesst01,1973,24,6-9,81
hawkihe01,1989,6,6-3,75
hawkijo01,2024,14,6-5,77
hawkiju01,2003,NA,6-7,79
hawkimi01,1997,NA,6-0,72
hayesch01,2006,NA,6-6,78
hayesel01,1969,1,6-9,81
hayesja01,2004,10,6-7,79
hayesja02,2020,8,7-0,84
hayeski01,2021,7,6-4,76
hayesni01,2018,NA,6-7,79
hayesst01,1978,76,7-0,84
haywago01,2011,9,6-7,79
haywala01,2011,30,6-6,78
haywobr01,2002,20,7-0,84
haywosp01,1972,30,6-8,80
headlu01,2006,24,6-3,75
healsh01,1997,NA,6-0,72
heardga01,1971,40,6-6,78
hearnre01,2018,NA,6-5,77
heggsal01,1996,NA,6-8,80
hendeal01,1996,16,6-9,81
hendece01,1987,32,6-8,80
hendece02,1998,45,6-7,79
hendeda01,1987,58,6-5,77
hendege01,1979,64,6-2,74
hendege02,2010,12,6-5,77
hendeje01,1986,NA,6-11,83
hendejr01,1999,56,6-8,80
hendeke01,1987,50,6-4,76
hendesc01,2024,3,6-3,75
hendeto01,1975,7,6-3,75
hendrma01,1997,31,6-9,81
hendrta01,2024,9,6-9,81
henryaa01,2022,NA,6-5,77
henryca01,1985,80,6-6,78
henryco01,1987,89,6-7,79
henrymy01,2018,NA,6-6,78
henrysk01,1994,NA,6-7,79
henryxa01,2011,12,6-6,78
hensojo01,2013,14,6-9,81
hensost01,1991,44,5-11,71
hernade01,2020,59,6-10,82
hernaju01,2017,15,6-9,81
hernawi01,2016,35,6-11,83
herreca01,1991,30,6-9,81
herrech01,2000,33,6-2,74
herrmwa01,2007,NA,6-9,81
herroke01,1979,24,6-6,78
herroty01,2020,13,6-5,77
herveke01,2019,57,6-8,80
hezonma01,2016,5,6-8,80
hibbero01,2009,17,7-2,86
hicksis01,2018,NA,6-9,81
hicksjj01,2009,19,6-9,81
hieldbu01,2017,6,6-4,76
higgico01,2012,NA,6-5,77
higgimi01,1990,NA,6-9,81
higgiro01,1983,31,6-7,79
higgise01,1991,54,6-9,81
higgske01,1979,57,6-0,72
highjo01,1980,24,6-3,75
highsha01,2019,NA,6-5,77
hilarne01,2003,7,6-11,83
hillar01,1977,9,6-4,76
hillge01,2009,26,6-4,76
hillgr01,1995,3,6-8,80
hillida01,2016,38,6-6,78
hilljo01,2010,8,6-10,82
hillma01,2022,NA,6-6,78
hillmda01,1972,8,6-9,81
hillso01,2014,23,6-6,78
hillst01,2009,NA,7-0,84
hillty01,1991,11,6-9,81
hinriki01,2004,7,6-4,76
hinsoro01,1984,20,6-9,81
hintona01,2021,NA,6-5,77
hitero01,2007,NA,6-2,74
hoardja01,2020,NA,6-8,80
hobsoda01,2011,37,6-7,79
hodgecr01,1983,48,6-2,74
hodgedm01,2024,NA,6-3,75
hodgedo01,1992,33,7-0,84
hodgeju01,2006,20,6-7,79
hoibefr01,1996,52,6-4,76
holcora01,2003,57,6-9,81
holidaa01,2019,23,6-0,72
holidjr01,2010,17,6-4,76
holidju01,2013,NA,6-6,78
hollabr01,1980,14,6-3,75
hollajo02,2016,NA,6-5,77
hollaro01,2025,5,6-8,80
hollili01,1976,6,6-3,75
holliro01,2016,23,6-6,78
holliry01,2007,50,7-0,84
holmeda01,2025,22,6-9,81
holmeri01,2016,37,6-9,81
holmgch01,2023,2,7-1,85
holtomi01,1984,53,6-4,76
honeyje01,1998,39,6-9,81
honeyty01,2012,35,6-8,80
hoodde01,2000,NA,6-8,80
hoodro01,2015,23,6-8,80
hoodsja01,2024,17,6-5,77
hoppeda01,1987,65,6-11,83
hopsode01,1988,3,6-5,77
hopsosc01,2014,NA,6-7,79
hordgce01,1980,49,6-8,80
horfoal01,2008,3,6-8,80
horfoti01,1989,39,7-1,85
hornaje01,1987,46,6-4,76
hornede01,2012,NA,6-9,81
horryro01,1993,11,6-10,82
hortoed01,1990,39,6-8,80
hortota01,2020,46,6-4,76
houseda01,2017,NA,6-6,78
houseed01,2001,37,6-1,73
houstal01,1994,11,6-6,78
houstby01,1993,27,6-5,77
houstca01,2023,32,6-8,80
hovasto01,1995,NA,6-8,80
howarbr01,1992,NA,6-6,78
howardw01,2005,1,6-10,82
howarje01,2024,11,6-8,80
howarjo01,2004,29,6-7,79
howarju01,1995,5,6-9,81
howarma02,2021,NA,5-10,70
howarst01,1993,NA,6-9,81
howarwi01,2020,NA,6-8,80
hubbaph01,1980,15,6-8,80
hudgitr01,2023,NA,6-0,72
hudsole01,2010,58,6-3,75
hudsotr01,1998,NA,6-1,73
huertke01,2019,19,6-6,78
huertma01,2016,NA,6-3,75
huestjo01,2015,29,6-7,79
huffja01,2022,NA,7-1,85
huffmna01,2003,NA,7-1,85
hugheed01,1983,140,5-10,70
hugheel01,2021,39,6-5,77
hugheki01,1975,45,6-11,83
hughela01,1999,8,6-5,77
hugheri01,1986,14,6-5,77
hugheri02,2000,NA,6-9,81
hukpoar01,2025,58,7-0,84
hummero01,2013,58,6-8,80
humphis01,2019,NA,7-0,84
humphja01,1985,13,6-3,75
humphkr01,2005,14,6-9,81
humphry01,2003,19,6-8,80
huntebr01,2004,56,6-7,79
huntece01,1992,NA,6-0,72
huntech01,2010,NA,6-11,83
huntede01,2020,4,6-7,79
hunteli01,1994,10,6-2,74
hunteot01,2009,NA,6-8,80
hunterj01,2016,28,6-5,77
huntest01,2002,15,7-0,84
huntevi01,2018,NA,6-8,80
huntfe01,2022,NA,6-8,80
hurlebo01,1994,7,6-0,72
hurtma01,2024,NA,6-9,81
hustoge01,1980,50,6-2,74
hutchch01,2019,22,6-6,78
hylanbo01,2022,26,6-2,74
iavarma01,1979,55,6-10,82
ibakase01,2009,24,6-11,83
ighodos01,2025,40,6-11,83
iguodan01,2005,9,6-6,78
ilgauzy01,1997,20,7-3,87
ilicmi01,2006,43,7-1,85
ilyaser01,2006,36,6-9,81
inglejo01,2015,NA,6-8,80
inglida01,2015,31,6-8,80
ingraan01,2018,NA,6-3,75
ingrabr01,2017,2,6-8,80
ingraha01,2025,48,6-5,77
irvinby01,1990,22,6-5,77
irvinky01,2012,1,6-2,74
isaacjo01,2018,6,6-10,82
isselda01,1971,122,6-9,81
iuzzomi01,1992,35,5-10,70
iversal01,1997,1,6-0,72
iveyja01,2023,5,6-3,75
iveyro01,2005,37,6-3,75
iwundwe01,2018,33,6-6,78
jackja01,2006,22,6-3,75
jacksaa01,2018,NA,6-3,75
jacksan01,2024,36,6-6,78
jacksbo01,1998,23,6-1,73
jacksce01,2010,NA,6-3,75
jacksda01,2009,52,6-9,81
jacksde01,2017,45,6-1,73
jacksfr01,2018,31,6-3,75
jacksgg01,2024,45,6-9,81
jacksis01,2022,22,6-8,80
jacksja01,1990,NA,6-4,76
jacksja02,2019,4,6-10,82
jacksje01,2000,NA,6-4,76
jacksji01,1993,4,6-6,78
jacksjo02,2018,4,6-8,80
jacksju01,2018,15,6-8,80
jackslu02,2005,10,6-7,79
jacksma01,1988,18,6-3,75
jacksma02,1998,38,6-10,82
jacksmi02,1987,47,6-2,74
jacksmy01,1987,85,6-3,75
jacksph01,1968,17,6-8,80
jackspi01,2014,42,5-10,70
jacksqu01,2023,NA,6-4,76
jacksra01,1985,71,6-2,74
jacksra02,1999,NA,6-11,83
jacksre01,2012,24,6-2,74
jacksst01,1994,NA,6-3,75
jacksst02,1998,43,6-8,80
jacksto02,1981,87,6-0,72
jackstr01,1982,25,6-6,78
jackstr02,2024,57,6-9,81
jacobca01,2003,22,6-6,78
jacobsa01,1999,26,6-4,76
jamerda01,1991,15,6-5,77
jamesbe01,2013,33,6-10,82
jamesbr02,2025,55,6-2,74
jamesda01,2011,24,6-7,79
jameshe01,1991,NA,6-8,80
jamesje01,1999,36,7-1,85
jamesju01,2020,40,6-6,78
jamesle01,2004,1,6-9,81
jamesmi01,2002,NA,6-2,74
jamesmi02,2018,NA,6-1,73
jamessi01,2026,33,6-5,77
jamesti01,2000,25,6-7,79
jamisan01,1999,4,6-9,81
jamisha01,2000,NA,6-8,80
jaqueja01,2024,18,6-6,78
jaricma01,2001,30,6-7,79
jarrede01,2022,NA,6-5,77
jasiksa01,2006,NA,6-4,76
jawaina01,2009,41,6-10,82
jeelaab01,1977,50,6-8,80
jeffeal01,2005,15,6-10,82
jeffeam01,2019,NA,6-9,81
jeffech01,2003,27,6-8,80
jeffeco01,2015,60,6-9,81
jeffedo01,2009,NA,6-5,77
jeffeot01,2010,NA,6-5,77
jefferi01,2002,13,6-7,79
jeffrda01,2020,NA,6-5,77
jeffrja01,2003,11,6-11,83
jemistr01,2024,NA,6-10,82
jenkich01,2012,44,6-3,75
jenkida01,2025,NA,6-4,76
jenkiho01,2005,NA,6-1,73
jenkijo01,2013,23,6-4,76
jennibr01,2010,10,6-1,73
jennike01,1993,NA,5-7,67
jentch01,1994,NA,6-7,79
jepsele01,1991,28,7-0,84
jerebjo01,2010,39,6-10,82
jeromty01,2020,24,6-5,77
jerregr01,2014,40,6-10,82
jetereu01,2011,NA,5-11,71
jianlyi01,2008,6,7-0,84
joeis01,2021,49,6-4,76
johnsaj01,2025,23,6-5,77
johnsal01,2007,45,6-9,81
johnsal02,2019,50,6-9,81
johnsam01,2006,56,6-9,81
johnsan02,1998,40,6-3,75
johnsar02,2011,34,6-3,75
johnsav01,1989,NA,5-10,70
johnsbj01,2019,NA,6-7,79
johnsbr01,2004,NA,6-10,82
johnsbr02,2017,25,6-10,82
johnsbu01,1987,20,6-7,79
johnsca01,2012,NA,5-10,70
johnsca02,2020,11,6-8,80
johnsch02,1980,54,6-6,78
johnsch03,2011,NA,6-11,83
johnsch04,2013,NA,6-6,78
johnscl01,1979,44,6-10,82
johnscl02,1979,110,6-4,76
johnsda01,1993,26,6-7,79
johnsda02,1988,58,6-1,73
johnsda03,2013,55,6-2,74
johnsda04,2016,48,7-0,84
johnsda08,2022,47,6-4,76
johnsde01,1977,29,6-4,76
johnsde02,1999,38,6-9,81
johnsde03,2001,6,6-9,81
johnsed02,1978,49,6-2,74
johnsed03,1982,29,6-7,79
johnser01,1990,NA,6-2,74
johnser02,1994,23,6-11,83
johnsfr01,1982,11,6-1,73
johnsge02,1971,79,6-11,83
johnsge03,1979,12,6-7,79
johnsiv01,2012,NA,6-8,80
johnsja01,2010,16,6-7,79
johnsja02,2012,27,6-10,82
johnsja05,2022,20,6-8,80
johnsji01,1983,51,6-11,83
johnsjo01,1971,7,6-7,79
johnsjo02,2002,10,6-7,79
johnska01,1988,41,6-9,81
johnske01,1986,28,6-8,80
johnske02,1988,7,6-1,73
johnske03,2002,49,6-11,83
johnske04,2020,29,6-6,78
johnske07,2022,21,6-5,77
johnske08,2024,50,6-4,76
johnske10,2025,NA,6-6,78
johnsla02,1992,1,6-7,79
johnsle01,1980,17,6-11,83
johnsli01,2004,NA,6-8,80
johnsma01,1978,3,6-7,79
johnsma02,1980,1,6-9,81
johnsmi01,1975,56,6-10,82
johnsna01,1989,59,6-8,80
johnsni01,2015,42,6-3,75
johnsol01,1973,30,6-6,78
johnsom01,2018,NA,6-9,81
johnsor01,2013,36,6-5,77
johnsre01,1981,15,6-9,81
johnsst02,1987,100,6-8,80
johnsst03,1982,7,6-10,82
johnsst04,2016,8,6-6,78
johnstr01,2009,NA,6-5,77
johnstr03,2026,6,6-5,77
johnsty01,2015,NA,6-3,75
johnsvi01,1980,7,6-2,74
johnswe01,2011,4,6-7,79
jokicni01,2015,41,6-11,83
jonesal01,2002,57,6-11,83
jonesan01,1987,21,6-6,78
jonesas01,1995,NA,6-5,77
jonesbi01,1989,NA,6-7,79
jonesbo01,1975,5,6-9,81
jonesbo02,2007,37,6-7,79
jonesca01,1974,32,6-11,83
jonesca03,2022,NA,6-0,72
jonesch01,1980,165,6-9,81
jonesch02,1985,36,6-8,80
jonesch03,1999,NA,6-3,75
jonesco02,2024,34,6-6,78
jonesda01,1999,NA,6-3,75
jonesda02,2004,20,6-6,78
jonesda03,2017,30,6-10,82
jonesda06,2026,NA,6-4,76
jonesde01,2013,NA,6-8,80
jonesde02,2017,NA,6-6,78
jonesdi01,2025,26,6-5,77
jonesdo01,1997,21,6-8,80
jonesdo02,2011,25,6-4,76
jonesdw01,1974,9,6-10,82
jonesdw02,2006,NA,6-11,83
jonesea01,1985,23,7-0,84
jonesed01,1980,31,6-10,82
jonesed02,1995,10,6-6,78
jonesfr01,2003,14,6-4,76
joneshe01,2022,35,6-7,79
joneshu01,1983,54,6-8,80
jonesis01,2025,NA,6-8,80
jonesja02,2004,49,6-8,80
jonesja04,2018,NA,6-7,79
jonesje01,2019,NA,6-5,77
jonesju01,2000,27,6-8,80
joneska01,2022,19,6-11,83
joneske01,2013,NA,6-8,80
jonesma01,1977,20,6-9,81
jonesma02,1984,82,6-1,73
jonesma03,2005,NA,6-6,78
jonesma05,2021,NA,6-4,76
jonesoz01,1985,90,6-11,83
jonespe01,2013,28,6-11,83
jonespo01,1993,41,6-8,80
jonessh01,1989,27,6-9,81
jonesso01,2007,33,6-10,82
jonessp01,2025,NA,6-7,79
joneste01,2013,18,6-9,81
jonestr01,2021,41,6-1,73
jonesty01,2016,24,6-0,72
jordaad01,1994,42,5-11,71
jordade01,2009,35,6-11,83
jordaed01,1978,33,6-1,73
jordaje01,2011,44,7-0,84
jordami01,1985,3,6-6,78
jordare01,1994,NA,6-4,76
jordath01,1993,NA,6-10,82
jordawa01,1979,84,6-7,79
josepco01,2012,29,6-2,74
josepga01,2001,NA,7-2,86
josepkr01,2013,51,6-7,79
josepyv01,1986,36,6-11,83
jovicni01,2023,27,6-10,82
judkije01,1979,30,6-6,78
juzanjo01,2023,NA,6-7,79
kabenmf01,2020,27,6-10,82
kalaige01,2022,60,6-8,80
kalkbry01,2026,34,7-1,85
kamanch01,2004,6,7-0,84
kaminfr01,2016,9,7-0,84
kanteen01,2012,3,6-10,82
kaponja01,2004,31,6-8,80
karasse01,2014,19,6-7,79
karlco01,2008,NA,6-5,77
kasunma01,2003,41,7-1,85
kaunsa01,2009,56,6-11,83
kawamyu01,2025,NA,5-7,67
keacl01,1981,169,6-6,78
keefead01,1993,10,6-9,81
keeliha01,1986,63,6-4,76
keelstr01,2023,42,6-3,75
kelleky01,2025,NA,7-0,84
kelleri01,1976,7,7-0,84
kellocl01,1983,8,6-7,79
kellymi02,2026,NA,6-4,76
kellyry01,2014,48,6-11,83
kelsegr01,1980,4,6-7,79
kempsh01,1990,17,6-10,82
kemptti01,1987,124,6-10,82
kennalu01,2018,12,6-5,77
kennedj01,2012,NA,6-6,78
kenonla01,1974,50,6-9,81
kernejo01,1999,NA,6-11,83
kerrst01,1989,50,6-3,75
kerseje01,1985,46,6-7,79
kesslal01,1991,12,6-11,83
kesslwa01,2023,22,7-2,86
ketnela01,2000,49,6-9,81
keybr01,2022,NA,6-7,79
keysra01,1989,22,6-7,79
khryavi01,2005,22,6-9,81
kiddgmi01,2013,2,6-6,78
kiddja01,1995,2,6-4,76
kiddst01,2020,NA,6-6,78
kiddwa01,1994,NA,6-9,81
kiffiir01,1980,NA,6-9,81
kilpaca01,1979,158,6-10,82
kilpase01,2015,NA,6-4,76
kimblbo01,1991,8,6-4,76
kimbrst01,1990,NA,5-11,71
kinchch01,1981,22,6-4,76
kingal01,1982,10,6-6,78
kingbe01,1978,7,6-7,79
kingch01,1993,45,6-8,80
kingfr01,1996,37,6-1,73
kingge02,1999,NA,6-9,81
kingge03,2019,59,6-6,78
kingji02,1996,35,6-5,77
kinglo02,2020,NA,6-7,79
kingre01,1980,18,6-6,78
kingri01,1992,14,7-2,86
kingst01,1990,6,6-11,83
kinseta01,2007,NA,6-6,78
kirilan01,2000,24,6-9,81
kirkal01,2015,NA,7-0,84
kispeco01,2022,15,6-6,78
kitchcu01,1987,122,6-9,81
kitegr01,1984,21,6-11,83
kittlke01,1997,8,6-5,77
klebima01,2018,NA,6-10,82
kleinjo01,1986,6,6-11,83
kleizli01,2006,27,6-8,80
klintbo01,2025,37,6-9,81
knechda01,2025,17,6-6,78
knighbi01,1975,21,6-6,78
knighbr01,1998,16,5-10,70
knighbr02,2005,NA,6-0,72
knighbr03,2012,8,6-2,74
knighna01,2021,NA,6-8,80
knighne01,1991,31,6-1,73
knighto01,1978,32,6-9,81
knightr01,1997,29,7-0,84
knoxke01,2019,9,6-8,80
knuepko01,2026,4,6-6,78
kofoeba01,1988,107,6-4,76
kolekty01,2025,34,6-2,74
kolokch01,2023,33,6-11,83
konanya01,2026,30,6-11,83
koncajo01,1986,5,7-0,84
konchjo01,2020,NA,6-5,77
kopicjo01,1983,56,6-9,81
korkmfu01,2017,26,6-7,79
kornefr01,1990,30,6-9,81
kornelu01,2018,NA,7-1,85
korolya01,2006,12,6-9,81
korveky01,2004,51,6-7,79
koufoko01,2009,23,7-0,84
kramear01,1980,45,6-9,81
kramejo01,1979,63,6-7,79
kravtvi01,2013,NA,7-0,84
krejcvi01,2021,37,6-8,80
kreklwa01,1980,53,6-4,76
krstine01,2003,24,7-0,84
krystla01,1987,28,6-9,81
kuczebr01,1984,59,6-10,82
kuestjo01,1978,53,6-2,74
kukocto01,1991,29,6-10,82
kulboar01,2019,55,6-10,82
kuminjo01,2022,7,6-7,79
kunneke01,1974,12,7-0,84
kupchmi01,1977,13,6-9,81
kurucro01,2019,40,6-9,81
kurzro01,2009,NA,6-9,81
kutluib01,2005,NA,6-6,78
kuzmaky01,2018,27,6-8,80
kuzmimi01,2017,NA,6-9,81
kuzmiog01,2013,52,7-1,85
labissk01,2017,28,6-10,82
laceysa01,1971,5,6-10,82
laettch01,1993,3,6-11,83
lafayol01,2010,NA,6-2,74
lafrera01,1999,3,6-11,83
lagarto01,1978,9,6-10,82
laimbbi01,1980,65,6-11,83
lamban01,2021,NA,6-6,78
lambdo01,2013,42,6-4,76
lambejo01,1976,15,6-10,82
lambje01,2013,12,6-5,77
lampema01,2004,30,6-11,83
lampje01,1982,15,6-6,78
lamplji01,1984,102,6-10,82
lamplse01,2002,45,6-7,79
landajo01,2022,NA,6-11,83
landrca01,2008,31,6-9,81
landrma01,2010,NA,6-7,79
landsma01,1978,35,6-8,80
laneje01,1989,23,6-6,78
langan01,1989,28,6-11,83
langan02,1995,29,6-8,80
langdtr01,2000,11,6-3,75
langfke01,2008,NA,6-4,76
langfro01,2020,14,6-5,77
langhda01,2001,31,6-11,83
langja01,2004,48,6-10,82
laniebo01,1971,1,6-11,83
laniech01,2026,37,6-3,75
laproni01,2017,NA,6-4,76
laravja01,2023,19,6-7,79
larkish01,2014,18,5-11,71
larsspe01,2025,44,6-5,77
larueru01,1998,NA,6-2,74
lasmest01,2008,46,6-8,80
laudepr01,1997,28,7-4,88
lauvejo01,2014,55,6-11,83
lavinza01,2015,13,6-5,77
lawac01,2008,11,6-3,75
lawalga01,2011,46,6-9,81
lawreed01,1977,84,7-0,84
lawsoaj01,2023,NA,6-6,78
lawsoja01,1998,42,6-11,83
lawsoty01,2010,18,5-11,71
lawvi01,2020,NA,6-7,79
laymaja01,2017,47,6-8,80
leaftj01,2018,18,6-10,82
leaveal01,1980,104,6-1,73
leboje01,1990,NA,6-2,74
leckner01,1989,17,6-11,83
lecquja01,2020,NA,6-4,76
ledori01,2014,43,6-7,79
leebu01,1979,10,6-0,72
leeco01,2009,22,6-5,77
leeda02,2006,30,6-9,81
leeda03,2018,NA,6-6,78
leedo01,1988,35,6-5,77
leeke01,1986,11,6-10,82
leeku01,1991,NA,6-3,75
leema01,2012,43,6-5,77
leero01,1977,10,6-4,76
leero02,1982,NA,6-10,82
leesa01,2021,38,6-2,74
legleti01,1990,NA,6-4,76
lemonwa01,2018,NA,6-3,75
lenal01,2014,5,7-0,84
lenarvo01,1995,46,6-4,76
leonaga01,1990,34,7-1,85
leonaka01,2012,15,6-6,78
leoname01,2013,11,7-0,84
leonsma01,2025,NA,6-9,81
lesji01,1987,70,5-11,71
leslitr01,2012,47,6-4,76
lestero01,1981,10,6-2,74
lettcl01,1990,NA,6-3,75
leuerjo01,2012,40,6-10,82
leverca01,2017,20,6-7,79
leverfa01,1983,11,6-3,75
levincl01,1983,9,6-8,80
lewisce01,1996,NA,6-10,82
lewiski01,2021,13,6-1,73
lewisma01,1996,50,6-5,77
lewisma05,2024,40,6-7,79
lewisqu01,2000,19,6-7,79
lewisra01,1986,139,6-6,78
lewisra02,1999,32,6-10,82
lewisre01,1988,22,6-7,79
lewissc01,2022,56,6-4,76
liberma01,1991,42,6-8,80
lichtto01,1990,15,6-4,76
liddeej01,2023,41,6-6,78
liggide01,2012,53,6-6,78
lillada01,2013,6,6-2,74
lingest01,1982,44,6-9,81
linje01,2011,NA,6-3,75
listeal01,1982,21,7-0,84
littlna01,2020,25,6-6,78
livelde01,2024,12,7-1,85
liveris01,2022,42,6-6,78
livinch01,2024,58,6-6,78
livinra01,1997,42,6-4,76
livinsh01,2005,4,6-7,79
llamaho01,1997,NA,6-11,83
lloydle01,1982,76,6-6,78
lloydsc01,1977,24,6-10,82
lockhda01,1984,35,6-9,81
lockhia01,1991,NA,6-8,80
lockro01,1989,51,6-9,81
loderke01,1982,17,6-6,78
loftoke01,2023,NA,6-6,78
loftoza01,2019,NA,6-4,76
lohaubr01,1988,45,6-11,83
longar01,2001,NA,6-9,81
longgr01,1989,33,6-8,80
longjo01,1979,29,6-5,77
longllu01,1992,7,7-2,86
longsh01,2017,NA,6-9,81
looneke01,2016,30,6-9,81
lopezbr01,2009,10,7-1,85
lopezfe01,1999,24,6-5,77
lopezra01,2002,24,6-1,73
lopezro01,2009,15,7-1,85
lorthry01,1995,NA,6-4,76
louzama01,2020,35,6-5,77
loveca01,2026,NA,6-3,75
loveke01,2009,5,6-10,82
lowesi01,1984,25,6-0,72
lowryky01,2007,24,6-0,72
loydjo01,2019,NA,6-4,76
lucasjo01,1977,1,6-3,75
lucasjo02,2006,NA,5-11,71
lucaska01,2015,NA,6-1,73
lucasma01,1975,14,6-9,81
luety01,1999,23,6-0,72
lundbga01,2022,NA,6-4,76
lundyse01,2024,46,6-4,76
luwawti01,2017,24,6-7,79
lydonty01,2018,24,6-10,82
lylestr01,2016,12,6-9,81
lynchge01,1994,12,6-8,80
lynchke01,1992,28,6-5,77
maccuto01,2000,47,7-0,84
machasc01,2013,NA,6-1,73
macijar01,2006,NA,6-4,76
mackema01,1994,27,6-9,81
macklru01,1982,52,6-7,79
macklve01,2012,52,6-10,82
mackol01,1980,25,6-3,75
macksa01,1993,NA,6-7,79
macksh01,2012,34,6-3,75
macledo01,1993,19,6-10,82
maconda01,2019,NA,6-2,74
maconma01,1992,8,6-5,77
macurjp01,2019,NA,6-4,76
macyky01,1980,22,6-3,75
maddoti01,2003,38,6-4,76
madkige01,1994,NA,6-4,76
madsema01,2001,29,6-9,81
magetjo01,2018,NA,6-1,73
maggeco01,2000,13,6-6,78
magleda01,1983,28,6-8,80
magloja01,2001,19,6-11,83
magnawi01,2021,NA,6-10,82
mahinia01,2006,28,6-11,83
mahorri01,1981,35,6-10,82
majerda01,1989,14,6-6,78
majorre01,2007,NA,6-7,79
makerth01,2017,10,7-0,84
maledth01,2021,34,6-4,76
malonje01,1984,10,6-4,76
malonka01,1986,13,6-9,81
malonma01,1997,NA,6-3,75
malonmo01,1977,NA,6-10,82
malovst01,1979,149,6-10,82
maluakh01,2026,10,7-1,85
mamuksa01,2022,54,6-9,81
maneka01,2021,NA,6-3,75
mannida01,1989,1,6-10,82
mannini01,2021,48,6-2,74
mannipa01,1984,43,6-7,79
manniri01,1994,40,6-11,83
mannte01,2020,48,6-6,78
manntr01,2022,18,6-4,76
manonch01,2026,NA,6-4,76
maravpe01,1971,3,6-5,77
marblde01,2015,56,6-6,78
marblro01,1990,23,6-6,78
marbust01,1997,4,6-2,74
marcisa01,1988,127,6-5,77
mariosh01,2000,9,6-7,79
marjabo01,2016,NA,7-4,88
markkla01,2018,7,7-1,85
markoda01,2007,59,6-10,82
marksse01,1999,44,6-10,82
marshdo01,1995,4,6-9,81
marshdo02,1996,39,6-7,79
marshke01,2013,13,6-4,76
marshna01,2021,NA,6-6,78
marshra01,2006,NA,6-9,81
martibi01,1986,26,6-7,79
martibo01,1994,NA,7-0,84
martibr01,1985,185,6-9,81
martica01,2009,NA,6-7,79
martica02,2020,NA,6-5,77
martico01,2020,36,6-6,78
marticu01,1996,57,6-5,77
martida01,1995,NA,5-11,71
martife01,1986,38,6-9,81
martija01,2016,25,6-10,82
martija02,2025,NA,6-6,78
martije01,1990,31,6-5,77
martije02,2020,NA,6-2,74
martike01,2001,1,6-9,81
martike02,2005,26,6-7,79
martike03,2020,NA,6-5,77
martike04,2021,52,6-6,78
martima01,1987,16,6-6,78
martity01,2023,51,6-6,78
mashaja01,2026,59,6-4,76
mashbja01,1994,4,6-8,80
masonan01,1989,53,6-8,80
masonde01,2001,17,6-5,77
masonfr01,2018,34,5-11,71
masonro01,2003,31,6-5,77
masseto01,1991,43,6-9,81
matenya01,2019,NA,6-7,79
mathega01,2020,NA,6-5,77
mathida01,2021,NA,6-4,76
mathima01,2018,NA,6-10,82
mathube01,2023,6,6-5,77
matkoka01,2023,52,6-10,82
matthwe01,1981,14,6-1,73
matthwe02,2010,NA,6-5,77
maxeyma01,1993,28,6-8,80
maxeyty01,2021,21,6-2,74
maxieja01,2006,26,6-7,79
maxwece01,1978,12,6-8,80
maxweve01,1989,47,6-4,76
maybele01,1993,23,6-1,73
mayesth01,1992,NA,6-3,75
mayfibi01,1981,NA,6-7,79
maynoer01,2010,20,6-3,75
mayooj01,2009,3,6-5,77
maysc01,1977,2,6-7,79
mayse01,2006,13,6-9,81
mayssk01,2021,50,6-4,76
maystr01,1991,14,6-2,74
mbahalu01,2009,37,6-8,80
mbengdj01,2005,NA,7-0,84
mcadobo01,1973,2,6-9,81
mcadoja01,2015,NA,6-9,81
mcbrimi01,2022,36,6-2,74
mccaija01,2025,16,6-3,75
mccalra01,2014,36,6-3,75
mccalta01,2019,NA,6-5,77
mccanbo01,1988,32,6-6,78
mccanme01,1990,NA,6-8,80
mccanra01,2006,14,6-4,76
mccaran01,1976,136,6-3,75
mccarke01,1999,NA,6-7,79
mccarwa01,1997,19,6-10,82
mccasam01,1997,49,6-11,83
mccawpa01,2017,38,6-7,79
mccladw01,1986,27,6-6,78
mcclesh01,2017,NA,6-6,78
mcclida01,2001,53,7-0,84
mccloge01,1990,7,6-8,80
mccluma01,2022,NA,6-2,74
mccolcj01,2014,10,6-3,75
mccontj01,2016,NA,6-1,73
mccorke01,1980,198,6-7,79
mccorti01,1985,12,6-11,83
mccoyje01,1999,33,6-10,82
mccrach01,2007,NA,6-5,77
mccraro01,1984,3,6-7,79
mccrasc01,1984,36,6-9,81
mccreer01,2018,NA,6-8,80
mcculch01,2016,29,6-11,83
mcculjo01,1980,85,6-4,76
mcculke01,2025,56,6-6,78
mcdancl01,1996,NA,6-4,76
mcdanja01,2020,52,6-9,81
mcdanja02,2021,28,6-9,81
mcdankj01,2015,32,6-6,78
mcdanxa01,1986,4,6-7,79
mcderdo01,2015,11,6-7,79
mcderse01,2021,NA,6-6,78
mcdonbe01,1985,50,6-8,80
mcdonmi01,1996,55,6-10,82
mcdowha01,1982,102,6-9,81
mcdyean01,1996,2,6-9,81
mcelrji01,1976,38,6-3,75
mcfariv01,2007,NA,6-8,80
mcgarmi01,2015,21,6-10,82
mcgeeja01,2009,18,7-0,84
mcgeemi01,1982,19,6-5,77
mcginge01,1974,22,6-8,80
mcgowbr01,2023,40,6-6,78
mcgratr01,1998,9,6-8,80
mcgrica01,2022,NA,6-7,79
mcgruro01,2017,NA,6-4,76
mcguido01,2008,47,6-9,81
mchalke01,1981,3,6-10,82
mcilvji01,1995,32,7-1,85
mcinnje01,1997,37,6-4,76
mckenfo01,1987,48,6-7,79
mckenke01,1982,88,6-5,77
mckeyde01,1988,9,6-10,82
mckieaa01,1995,17,6-5,77
mckinal01,2018,NA,6-7,79
mckinbi01,1978,115,6-0,72
mckinca01,1990,NA,6-4,76
mckintr01,2018,NA,6-5,77
mclauja01,2022,NA,6-4,76
mclaujo01,2020,NA,5-11,71
mclembe01,2014,7,6-3,75
mcleoke01,2004,NA,6-2,74
mcleoro01,1999,20,6-8,80
mcmilna01,1987,30,6-5,77
mcmilto01,1975,9,6-11,83
mcnamma01,1983,22,6-11,83
mcneach01,1984,38,6-7,79
mcneaje01,2015,NA,6-3,75
mcneeli01,2026,29,6-7,79
mcphepa01,2001,NA,6-4,76
mcqueco01,1986,91,6-11,83
mcraejo01,2015,58,6-5,77
mcrobjo01,2008,37,6-10,82
mcveija01,2025,NA,6-8,80
medvest01,2001,NA,6-10,82
meeda01,1994,34,6-5,77
meeksjo01,2010,41,6-4,76
meentsc01,1987,74,6-10,82
mejrisa01,2016,NA,7-2,86
mekelga01,2014,NA,6-3,75
mellini01,2020,NA,6-9,81
melofa01,2013,22,7-0,84
meltode01,2019,46,6-2,74
mengejo01,1972,21,6-2,74
mensana01,2024,NA,6-9,81
mensapo01,2007,NA,6-9,81
mercero01,1998,6,6-7,79
meriwjo01,1976,11,6-10,82
merrisa01,2021,60,6-4,76
metuch01,2019,49,6-10,82
meyerda01,1976,2,6-8,80
meyerlo01,1996,24,6-10,82
michela01,1984,29,6-9,81
micicva01,2015,52,6-3,75
mickejo01,2016,33,6-8,80
middlkh01,2013,39,6-7,79
mihmch01,2001,7,7-0,84
mikaer01,2020,NA,6-10,82
milesaa01,2006,NA,6-1,73
milescj01,2006,34,6-6,78
milesda01,2001,3,6-9,81
milicda01,2004,2,7-0,84
milicma01,1998,34,6-6,78
millean01,1995,39,6-9,81
millean02,2000,8,6-3,75
millebo01,1979,85,6-10,82
millebr01,1999,NA,6-11,83
millebr02,2024,2,6-7,79
milleda01,2013,46,6-6,78
milledi01,1981,40,6-6,78
milleem01,2025,NA,6-5,77
millejo02,2024,48,6-5,77
millele01,2024,33,6-10,82
millema01,2018,NA,6-7,79
millemi01,2001,5,6-8,80
milleol01,1993,22,6-9,81
millequ01,2013,38,6-9,81
millere01,1988,11,6-7,79
millsch01,1994,22,6-6,78
millsel01,2015,NA,6-6,78
millspa01,2007,47,6-7,79
millspa02,2010,55,6-2,74
millste01,1991,16,6-10,82
miltosh01,2019,54,6-5,77
minayju01,2023,NA,6-5,77
minerha01,1993,12,6-5,77
mingya01,2003,1,7-6,90
minixri01,2025,NA,6-7,79
minnidi01,1984,33,6-3,75
minorgr01,1995,25,6-6,78
minotjo01,2023,45,6-8,80
mirotni01,2012,23,6-10,82
miskija01,2000,NA,6-2,74
missiyv01,2025,21,6-11,83
mitchaj01,2025,38,6-4,76
mitchda01,2022,9,6-0,72
mitchdo01,2018,13,6-2,74
mitchmi01,1979,15,6-7,79
mitchsa01,1986,54,6-6,78
mitchto01,1989,43,6-7,79
mitchto02,2014,37,6-8,80
mitchto03,2014,NA,6-6,78
mitrona01,2018,NA,6-3,75
mixst01,1970,61,6-7,79
moblecu01,1999,41,6-4,76
mobleer01,1995,18,6-11,83
mobleev01,2022,3,6-11,83
mobleis01,2023,49,6-8,80
mogbojo01,2025,31,6-9,81
mohamna01,1999,29,6-10,82
moisoje01,2001,11,6-10,82
mokespa01,1980,42,7-0,84
mokokad01,2020,NA,6-4,76
moncrsi01,1980,5,6-4,76
monekch01,2023,NA,6-5,77
moneyer01,1975,33,6-0,72
moniase01,2005,23,6-8,80
monkma01,2018,11,6-3,75
monroea01,1968,2,6-3,75
monrogr01,2011,7,6-11,83
monroro01,1992,30,6-3,75
montelu01,2016,NA,6-7,79
montrer01,1995,9,7-0,84
moodymo01,2022,14,6-5,77
moonema01,2020,NA,6-3,75
moonja01,2008,NA,6-8,80
moonxa01,2022,NA,6-0,72
moorean01,1988,31,6-9,81
moorebe01,2018,NA,6-8,80
mooreet01,2012,55,6-3,75
moorejo01,1980,43,6-1,73
moorelo01,1981,52,6-1,73
mooremi01,1999,NA,7-0,84
moorero01,1988,25,7-0,84
mooreta02,2024,NA,6-5,77
mooretr01,1992,NA,6-4,76
moorewe01,2023,26,6-5,77
moranja01,2020,2,6-2,74
moreler01,2015,NA,6-10,82
morgagu01,1983,40,6-8,80
morgaju01,2020,NA,6-7,79
mornida01,1993,47,6-10,82
morriad01,2007,3,6-8,80
morrich01,1989,4,6-8,80
morrida01,2012,41,6-4,76
morriis01,1993,37,6-8,80
morrija01,2018,NA,6-5,77
morrima02,2012,13,6-9,81
morrima03,2012,14,6-8,80
morrimi01,1990,51,6-4,76
morrimo01,2018,51,6-2,74
morrira01,2007,NA,6-10,82
morrite01,2002,34,6-9,81
morroan01,2009,NA,6-5,77
mortodw01,1995,45,6-7,79
mortojo01,1990,25,6-3,75
mortori01,1989,NA,6-3,75
mosspe01,1983,69,6-2,74
motenla01,1996,36,6-5,77
motiedo01,2012,20,7-0,84
motlejo01,2018,NA,6-8,80
mottoha01,2001,40,6-11,83
moultar01,2013,27,6-11,83
mournal01,1993,2,6-10,82
mozgoti01,2011,NA,7-1,85
mudiaem01,2016,7,6-3,75
muhamsh01,2014,14,6-5,77
muldemy01,2020,NA,6-3,75
mulleby01,2010,24,7-0,84
mullich01,1986,7,6-7,79
mundtto01,1996,NA,7-0,84
munfoxa02,2016,NA,6-4,76
munkch01,1991,NA,6-9,81
murdoer01,1992,21,6-1,73
muresgh01,1994,30,7-7,91
murkead01,2022,NA,6-5,77
murphca01,1971,18,5-9,69
murpher01,2014,49,6-10,82
murphja01,1985,31,6-9,81
murphke01,2013,47,6-5,77
murphro01,1988,17,6-5,77
murphto01,1987,53,6-9,81
murphtr01,2002,14,6-11,83
murphtr02,2022,17,6-8,80
murraco01,2026,9,6-7,79
murrade01,2017,29,6-4,76
murraja01,2017,7,6-4,76
murrake02,2023,4,6-8,80
murrakr01,2024,23,6-8,80
murrala01,1995,7,6-7,79
murraro01,2003,42,6-4,76
murratr01,1993,18,6-7,79
murryto01,2014,NA,6-5,77
musadz01,2019,29,6-9,81
muscami01,2014,44,6-10,82
mustaje01,1991,17,6-10,82
mutomdi01,1992,4,7-2,86
muursma01,1997,25,6-9,81
myerspe01,1987,120,6-6,78
mykhasv01,2019,47,6-7,79
nachbbo01,2003,15,6-9,81
naderab01,2017,58,6-5,77
nailole01,2000,43,6-9,81
najered01,2001,38,6-8,80
nancela01,1982,20,6-10,82
nancela02,2016,27,6-6,78
nancepe01,2024,NA,6-9,81
napiesh01,2015,24,6-0,72
nashst01,1997,15,6-3,75
natersw01,1974,16,6-11,83
nathaho01,1996,NA,5-11,71
nattca01,1980,8,6-6,78
nattke01,1981,30,6-3,75
navarju01,2003,40,6-3,75
ndiayha01,2011,56,7-0,84
ndiayma01,1999,NA,6-8,80
ndiayma02,2001,26,7-0,84
ndongbo01,2006,NA,7-0,84
ndourma01,2017,NA,6-9,81
nealcr01,1989,71,6-5,77
nealga01,2011,NA,6-4,76
nealyed01,1983,166,6-7,79
nedovne01,2014,30,6-3,75
nelsode01,2009,NA,6-4,76
nelsoja01,2005,20,6-0,72
nembhan01,2023,31,6-4,76
nembhrj01,2022,NA,6-5,77
nembhru01,1997,NA,6-3,75
nembhry01,2026,NA,5-11,71
nesbyty01,1999,NA,6-6,78
nesmiaa01,2021,14,6-5,77
nesslma01,1988,116,7-2,86
nestera01,1999,17,7-0,84
netora01,2014,47,6-2,74
nevitch01,1983,63,7-5,89
newbeme01,1993,NA,6-4,76
newbiiv01,1995,NA,6-9,81
newblir01,2001,NA,6-7,79
newelas01,2026,23,6-10,82
newlimi01,1972,24,6-4,76
newmajo01,1987,29,6-7,79
newmama01,2020,NA,6-3,75
newtotr01,2025,49,6-5,77
nfalyda01,2025,NA,6-11,83
niangge01,2017,50,6-6,78
nichoan01,2013,19,6-9,81
nichode01,2008,53,6-8,80
nickega01,1995,34,6-3,75
nicksca01,1981,23,6-1,73
nilesmi01,1980,83,6-6,78
nimphku01,1981,47,6-10,82
nixda01,2022,NA,6-3,75
nixdy01,1990,29,6-7,79
nixonno01,1978,22,6-2,74
nnajize01,2021,22,6-10,82
noahjo01,2008,9,6-11,83
nocioan01,2005,NA,6-7,79
noelda01,2007,39,6-6,78
noelne01,2014,6,6-10,82
noguelu01,2014,16,7-0,84
nordgje01,1997,53,6-7,79
normake01,1988,19,6-8,80
norriau01,1983,37,6-9,81
norrimi01,2025,NA,6-7,79
norrimo01,1997,33,6-1,73
norrisy01,1980,63,6-11,83
norveza01,2020,NA,6-5,77
novakst01,2007,32,6-10,82
nowelja01,2020,43,6-4,76
nowelma01,2024,NA,5-7,67
nowitdi01,1999,9,7-0,84
ntilila01,2018,8,6-4,76
nunnaja01,2014,NA,6-7,79
nunnke01,2020,NA,6-3,75
nurkiju01,2015,16,6-11,83
nuttde01,1987,NA,6-2,74
nwabada01,2017,NA,6-5,77
nworajo01,2021,45,6-8,80
nwosuju01,1995,NA,6-10,82
oaklech01,1986,9,6-9,81
obannch01,1998,32,6-5,77
obanned01,1996,9,6-8,80
obertfa01,2006,NA,6-10,82
obriejj01,2016,NA,6-7,79
obryajo01,2015,36,6-9,81
obryapa01,2007,9,7-0,84
ochefda01,2017,NA,6-11,83
odengr01,2008,1,7-0,84
odomla01,2000,4,6-10,82
oggal01,1991,NA,7-2,86
ohlbrti01,2013,NA,6-11,83
ojelese01,2018,37,6-6,78
okafoem01,2005,2,6-10,82
okafoja01,2016,3,6-10,82
okekech01,2020,16,6-7,79
okoboel01,2019,31,6-3,75
okogijo01,2019,20,6-4,76
okongon01,2021,6,6-10,82
okoremi01,1981,6,6-7,79
okorois01,2021,5,6-4,76
okpalkz01,2020,32,6-8,80
okurme01,2002,38,6-11,83
oladivi01,2014,2,6-3,75
olajuha01,1985,1,7-0,84
olberma01,1977,NA,6-8,80
oldhaja01,1981,41,7-0,84
olivaqu01,2025,NA,6-2,74
olivebr01,1991,32,6-4,76
oliveca01,2021,NA,6-8,80
olivede01,2002,NA,5-11,71
oliveji01,1992,39,6-5,77
olivejo01,1978,168,6-7,79
ollieke01,1998,NA,6-2,74
olowomi01,1999,1,7-0,84
olynyke01,2014,13,7-0,84
omorueu01,2022,NA,6-6,78
onealje01,1997,17,6-11,83
onealro01,2018,NA,6-6,78
onealsh01,1993,1,7-1,85
onimi01,2020,58,6-5,77
onuakar01,2014,NA,6-9,81
onuakch01,2017,37,6-10,82
oquinky01,2013,49,6-9,81
orrlo01,1981,29,6-8,80
ortizjo01,1988,15,6-10,82
ortonda01,2011,29,6-10,82
osmande01,2016,31,6-7,79
ostergr01,1996,28,7-2,86
osullda01,1991,NA,6-10,82
othicma01,1993,NA,6-2,74
oturuda01,2021,33,6-10,82
oubreke01,2016,15,6-8,80
outlabo01,1994,NA,6-8,80
outlatr01,2004,23,6-9,81
overtdo01,1992,40,6-3,75
owensan01,2006,NA,6-4,76
owensbi01,1992,3,6-9,81
owensch01,2003,48,6-7,79
owenske01,1992,NA,6-7,79
owensla01,2011,NA,6-7,79
owensta01,2020,NA,6-10,82
owensto01,1972,58,6-10,82
owesra01,1997,NA,6-9,81
oyedeol01,2001,42,6-10,82
pachuza01,2004,42,6-11,83
packro01,1992,NA,6-2,74
paddige01,1989,74,6-7,79
padgesc01,2000,28,6-9,81
paigeja01,2022,NA,6-2,74
paigema01,2017,55,6-0,72
palacmi01,2000,NA,6-3,75
palmetr01,2022,NA,6-6,78
palmewa01,1991,33,7-1,85
pangoke01,2022,NA,6-1,73
pankoan01,2001,NA,6-9,81
papagge01,2017,13,7-1,85
papanko01,2013,48,6-8,80
pargoja01,2003,NA,6-1,73
pargoje01,2012,NA,6-2,74
parisro01,1977,8,7-1,85
parkean01,1998,21,6-6,78
parkeja01,2015,2,6-7,79
parkesm01,2003,NA,6-4,76
parkeso01,1977,17,6-6,78
parketo01,2002,28,6-2,74
parksch02,1996,12,6-11,83
parsoch01,2012,38,6-9,81
pascher01,2020,41,6-6,78
pasecan01,2018,25,7-1,85
paspaza01,1990,NA,6-9,81
patrimy01,1981,NA,6-8,80
pattean01,1999,46,6-9,81
pattela01,2015,48,6-5,77
pattepa01,2011,14,6-8,80
patteru01,1999,31,6-5,77
pattoju01,2018,16,6-11,83
paulbr01,2018,NA,6-4,76
paulch01,2006,4,6-0,72
paultbi01,1971,103,6-11,83
pavloal01,2004,19,6-8,80
paxsoji02,1980,12,6-6,78
paxsojo01,1984,19,6-2,74
paynead01,2015,15,6-10,82
payneca01,2016,14,6-2,74
payneke01,1990,19,6-8,80
paytoel01,2015,10,6-3,75
paytoga01,1991,2,6-4,76
paytoga02,2017,NA,6-2,74
peavymi01,2026,40,6-7,79
pecheol01,2007,18,7-0,84
peckwi01,1980,19,6-7,79
peelean01,1993,15,6-4,76
pekovni01,2009,31,6-11,83
pelleno01,2020,NA,6-10,82
pellosa01,1980,NA,6-9,81
penbemi01,2001,NA,6-3,75
pendano01,2026,32,6-7,79
pendeje02,2010,31,6-9,81
penigde01,2004,NA,6-7,79
penneki01,2004,NA,6-5,77
peplomi01,1994,52,6-10,82
perduwi01,1989,11,7-0,84
pereima01,2024,NA,6-8,80
perkike01,2004,27,6-10,82
perkisa01,1985,4,6-9,81
perovko01,2007,38,7-2,86
perralo01,2018,NA,6-2,74
perryel01,1992,37,6-0,72
perryre01,2021,57,6-8,80
perryti01,1989,7,6-9,81
persoch01,1987,4,6-8,80
persowe01,1995,23,6-6,78
peteral01,2018,54,6-9,81
peterdr01,2024,NA,6-8,80
peterji01,1985,51,6-10,82
petermo01,2001,21,6-7,79
peterta01,2026,54,6-3,75
petrodr01,1987,60,6-5,77
petrojo01,2006,25,7-0,84
petrufi01,2022,50,6-11,83
petruri01,1994,46,6-10,82
pheglro01,1979,14,6-6,78
phelpde01,1995,NA,6-4,76
phelpmi01,1986,144,6-4,76
phillbo01,1992,45,6-5,77
philled01,1983,21,6-7,79
phillju01,2024,35,6-6,78
piatker01,1995,15,6-7,79
pickeja01,2022,NA,6-9,81
pickeja02,2024,32,6-2,74
piercpa01,1999,10,6-7,79
piercri01,1983,18,6-4,76
pietkst01,1979,133,6-5,77
pietrmi01,2004,11,6-6,78
pincked01,1986,10,6-9,81
pinknke01,2007,NA,6-10,82
pinonjo01,1984,58,6-8,80
pinsoth01,2019,NA,6-5,77
piotrto01,1984,62,7-1,85
pippesc01,1988,5,6-8,80
pippesc02,2023,NA,6-2,74
pittmch01,1983,61,6-8,80
pittmde01,2011,32,6-11,83
planizo01,2004,22,6-7,79
pleisti01,2011,31,7-3,87
plowdda01,2025,NA,6-4,76
plumlma01,2014,22,7-0,84
plumlma02,2017,NA,7-0,84
plumlmi01,2013,26,6-11,83
plummga01,1985,45,6-9,81
podkopa01,2005,21,7-5,89
podzibr01,2024,19,6-4,76
poeltja01,2017,9,7-0,84
poirivi01,2020,NA,7-0,84
pokusal01,2021,17,7-0,84
poleedw01,1987,54,6-5,77
pollasc01,1998,19,6-11,83
polynol01,1988,8,7-0,84
pondequ01,2011,26,6-7,79
pondssh01,2020,NA,6-0,72
ponsyv01,2022,NA,6-5,77
poolejo01,2020,28,6-4,76
popeda01,1985,62,6-7,79
popema01,1997,52,6-10,82
popsoda01,1988,88,6-10,82
poquebe01,1978,36,6-9,81
portech01,2001,55,6-7,79
portecr01,2024,NA,6-1,73
portejo01,2021,NA,6-11,83
porteke01,1973,39,6-0,72
porteke02,2020,30,6-5,77
portemi01,2019,14,6-10,82
porteot01,2014,3,6-8,80
portete01,1986,24,6-3,75
portibo01,2016,22,6-9,81
porzikr01,2016,4,7-2,86
poseyja01,2000,18,6-8,80
postela01,2001,39,6-5,77
postqu01,2025,52,7-0,84
potapvi01,1997,12,6-10,82
pottemi01,2022,NA,6-9,81
poweldr01,2026,22,6-5,77
poweldw01,2015,45,6-10,82
powele01,2007,49,6-8,80
poweljo01,2006,NA,6-9,81
powelka01,2008,NA,6-7,79
powelmy01,2022,NA,6-2,74
powelno01,2016,46,6-3,75
powelro01,2007,NA,6-6,78
poythal01,2017,NA,6-9,81
pressdo01,1987,99,6-2,74
pressha01,1987,17,6-7,79
presspa01,1983,20,6-5,77
pressph01,2014,NA,5-11,71
prestja01,2022,33,6-3,75
priceaj01,2010,52,6-2,74
pricebr01,1993,32,6-1,73
pricema01,1987,25,6-0,72
pricero01,2006,NA,6-2,74
priceto01,1980,29,6-6,78
prigipa01,2013,NA,6-3,75
primojo01,2022,12,6-4,76
princta01,2003,23,6-9,81
princta02,2017,12,6-6,78
pritcke01,1991,34,6-3,75
pritcpa01,2021,26,6-1,73
proctty01,2026,49,6-4,76
profila01,2000,38,6-5,77
prospol01,2024,24,6-7,79
pruitga01,2008,32,6-4,76
przybjo01,2001,9,7-1,85
pullaan01,1993,NA,6-10,82
pulleja01,2018,NA,6-1,73
pullizy01,2025,NA,6-4,76
purviro01,2018,NA,6-4,76
qizh01,2017,43,7-1,85
quartti01,2017,NA,6-6,78
queende01,2026,13,6-9,81
queentr01,2022,NA,6-5,77
quetane01,2022,39,7-0,84
quickim01,2021,25,6-2,74
quinnbr01,1990,50,6-8,80
quinnch01,2007,NA,6-2,74
quinole01,2023,NA,6-5,77
rabbiv01,2018,35,6-10,82
radfoma01,1982,53,6-4,76
radjadi01,1990,40,6-11,83
radmavl01,2002,12,6-10,82
radojal01,2000,12,7-3,87
radulmi01,2014,NA,7-0,84
rainsed01,1982,30,6-7,79
rakocig01,2001,51,6-3,75
rambiku01,1981,58,6-8,80
ramospe01,2005,32,7-3,87
ramseja01,2021,43,6-3,75
randama01,1992,26,6-8,80
randlch01,2017,NA,6-2,74
randlju01,2015,7,6-9,81
randoan01,2009,14,6-10,82
randosh01,2006,NA,6-10,82
randoza01,2002,19,6-9,81
rankwa01,1981,99,6-6,78
ranseke01,1981,4,6-1,73
rasmubl01,1986,15,7-0,84
rathaxa01,2018,NA,6-4,76
ratlith01,1996,18,6-10,82
rautian01,2011,38,6-4,76
rautile01,1984,17,6-8,80
rayal01,2007,NA,6-2,74
raycl01,1972,40,6-9,81
rayja01,1981,5,6-8,80
raynama01,2026,42,7-1,85
reathdu01,2024,NA,6-9,81
reaveau01,2022,NA,6-5,77
reavejo02,2020,NA,6-4,76
rebraze01,1995,54,7-0,84
recasel01,1995,NA,6-3,75
reddica01,2020,10,6-7,79
reddmi01,2001,43,6-6,78
redicjj01,2007,11,6-3,75
redmoma01,1978,60,6-6,78
reedda01,2018,32,6-5,77
reedju01,2005,40,6-8,80
reedpa01,2021,58,6-9,81
reedwi02,2016,NA,6-11,83
reeseal01,2025,NA,6-9,81
reevean01,2025,47,6-5,77
reevebr01,1996,6,7-0,84
reevekh01,1995,12,6-3,75
reidbi01,1980,98,6-5,77
reiddo01,1996,58,6-8,80
reidjr01,1990,5,6-9,81
reidna01,2020,NA,6-9,81
reidro01,1978,40,6-8,80
reidry01,2011,57,6-8,80
reineja01,2005,NA,6-11,83
rellfri01,1987,95,6-6,78
renchte01,1996,32,6-3,75
rentzef01,1997,23,6-11,83
respesh01,1996,8,6-1,73
restake01,1975,39,6-9,81
reynoca01,2019,NA,6-7,79
reynoje01,1986,22,6-8,80
rhodeja01,2023,NA,6-5,77
rhodero01,1998,24,6-6,78
ricegl01,1990,4,6-8,80
ricegl02,2014,35,6-6,78
richach01,2008,41,6-9,81
richacl01,1980,36,6-3,75
richaja01,2002,5,6-6,78
richaja02,2026,25,6-1,73
richaje01,2007,NA,6-6,78
richajo01,2016,40,6-5,77
richama01,2017,22,6-6,78
richami01,1979,4,6-5,77
richani01,2021,42,6-11,83
richano01,2002,NA,6-5,77
richapo01,1990,10,6-1,73
richaqu01,2001,18,6-6,78
richawi02,2026,56,6-3,75
richmmi01,1989,5,6-5,77
rideris01,1994,5,6-5,77
ridnolu01,2004,14,6-2,74
rigauan01,2003,NA,6-7,79
rileyer01,1994,33,7-0,84
rileywi01,2026,21,6-9,81
rillegr01,2021,56,6-2,74
risacza01,2025,1,6-8,80
rivasra01,1989,NA,6-10,82
riverau01,2013,10,6-4,76
riverda01,1989,25,6-0,72
riverdo01,1984,31,6-4,76
robbili01,2025,NA,7-0,84
roberal01,1985,7,6-4,76
roberan01,1978,21,6-5,77
roberan02,2006,NA,6-2,74
roberan03,2014,26,6-7,79
roberbr01,2013,NA,6-1,73
roberfr01,1983,27,6-10,82
roberla01,2006,55,6-9,81
roberry01,2000,45,6-5,77
roberst01,1992,23,7-0,84
roberte01,2001,NA,6-7,79
robeyri01,1979,3,6-11,83
robinbe01,2005,45,6-6,78
robinbi01,1976,10,6-7,79
robinch01,1997,51,6-5,77
robincl01,1980,11,6-9,81
robincl02,1990,36,6-10,82
robinda01,1988,1,7-1,85
robinde01,2018,NA,6-8,80
robindu01,2019,NA,6-7,79
robined01,2000,NA,6-8,80
robingl01,1995,1,6-7,79
robingl02,2015,40,6-6,78
robinja01,1979,67,6-6,78
robinja02,1994,21,6-2,74
robinja03,2001,NA,6-7,79
robinje01,2019,13,6-5,77
robinje02,2022,32,6-9,81
robinju01,2020,NA,6-1,73
robinla01,1991,NA,6-3,75
robinmi01,2019,36,7-0,84
robinna01,2006,21,5-9,69
robinol01,1983,24,6-4,76
robinor01,2023,NA,6-10,82
robinru01,1991,10,6-2,74
robinth01,2013,5,6-10,82
robintr01,1975,22,6-7,79
robinwa01,1981,31,6-8,80
robisda01,1972,44,6-10,82
robyis01,2020,45,6-6,78
rochejo01,1972,14,6-3,75
roddyda01,2023,23,6-5,77
rodmade01,1987,27,6-7,79
rodrise01,2007,27,6-3,75
roelo01,1996,30,6-7,79
rogerca01,1995,11,6-11,83
rogerjo01,1987,34,6-10,82
rogerro01,1994,9,6-7,79
rogerro02,1997,22,6-10,82
rolliry01,2023,44,6-3,75
rollitr01,1978,14,7-1,85
romarlo01,1981,141,6-1,73
rondora01,2007,21,6-1,73
rooksse01,1993,30,6-10,82
rosede01,2009,1,6-3,75
roseja01,1995,13,6-8,80
rosema01,1997,44,6-7,79
rosero01,1989,NA,6-5,77
rossqu01,2005,NA,6-6,78
rosste01,2013,8,6-6,78
rothdo01,1990,41,6-11,83
rothsc01,1986,82,6-8,80
roundda01,1976,28,6-8,80
rowanro01,1987,67,6-5,77
roweja01,2025,NA,6-6,78
rowinji01,1985,86,6-8,80
rowlade01,1982,211,6-5,77
rowsobr01,1988,34,6-9,81
royaldo01,1988,52,6-8,80
roybr01,2007,6,6-6,78
roziecl01,1995,16,6-11,83
roziete01,2016,16,6-1,73
rubiori01,2010,5,6-2,74
ruckegu01,2003,NA,6-11,83
ruddde01,1986,83,6-2,74
rudezda01,2015,NA,6-10,82
ruffimi01,2000,32,6-9,81
ruffitr01,1995,NA,6-1,73
rulanje01,1981,25,6-10,82
ruperra01,2024,43,6-7,79
ruscost01,1991,52,6-9,81
rushbr01,2009,13,6-6,78
rushka01,2003,20,6-6,78
russebr01,1994,45,6-7,79
russeca02,1975,8,6-8,80
russeda01,2016,2,6-3,75
russewa01,1983,78,6-5,77
russewa02,2012,NA,6-0,72
ryanma01,2022,NA,6-6,78
sabonar01,1986,77,7-3,87
sabondo01,2017,11,6-10,82
sacrero01,2013,60,7-0,84
salauti01,2025,6,6-10,82
sallejo01,1987,11,6-11,83
sallihu01,2026,NA,6-4,76
salmojo01,2003,26,6-6,78
salvake01,1997,NA,7-0,84
samakso01,2001,36,7-0,84
samanlu01,2020,19,6-10,82
sambch01,2007,51,7-1,85
sampsbr01,2019,NA,6-5,77
sampsja01,2003,47,6-11,83
sampsja02,2015,NA,6-7,79
sampsra01,1984,1,7-4,88
samueje01,2024,NA,6-6,78
samuesa01,2011,NA,6-9,81
sanchpe01,2001,NA,6-4,76
sandefr01,1979,20,6-6,78
sandeje01,1990,20,6-8,80
sandeko01,2026,50,6-8,80
sandela01,2011,15,6-11,83
sandeme01,2006,NA,6-5,77
sandemi01,1983,74,6-6,78
sanogad01,2024,NA,6-9,81
santida01,2001,NA,7-1,85
santogu01,2023,55,6-7,79
sapplwa01,1983,38,6-9,81
sarafbe01,2026,26,6-6,78
saricda01,2015,12,6-10,82
sarral01,2025,2,7-0,84
sarrol01,2022,NA,6-10,82
sasseja01,1997,41,6-7,79
sasseje01,2002,22,6-6,78
sassema01,2024,25,6-1,73
satorto01,2013,32,6-7,79
satteke01,2002,54,6-2,74
savovpr01,2003,NA,6-6,78
scalabr01,2002,35,6-9,81
scaleal01,2006,NA,6-4,76
scalede01,1981,36,6-8,80
schakjo01,2022,NA,6-6,78
schayda01,1982,13,6-11,83
schefst01,1991,39,6-9,81
schefto01,1978,117,6-11,83
scheiba01,2025,30,6-6,78
schenlu01,2006,NA,7-1,85
schindw01,1991,24,7-1,85
schoeru01,1983,45,6-10,82
schofad01,2020,42,6-5,77
schrede01,1986,8,6-10,82
schrode01,2014,17,6-1,73
schwejo01,1983,138,6-6,78
scolalu01,2003,56,6-9,81
scottal01,1978,136,6-7,79
scottbr01,1997,NA,6-10,82
scottby01,1984,4,6-4,76
scottch01,1971,106,6-5,77
scottde01,1991,4,6-8,80
scottja01,1997,NA,6-6,78
scottmi01,2013,43,6-7,79
scottsh01,1995,43,6-10,82
scotttr01,2022,NA,6-8,80
scrubja01,2021,55,6-5,77
scurrca01,1986,37,6-7,79
seabrde01,2023,NA,6-5,77
sealssh01,1998,NA,6-5,77
sealyma01,1993,14,6-8,80
searsma01,2026,NA,6-0,72
sefolth01,2007,13,6-6,78
seikaro01,1989,9,6-11,83
selbyjo01,2012,49,6-2,74
seldewa01,2017,NA,6-4,76
sellebr01,1987,9,7-0,84
senesa01,2007,10,6-11,83
sengual01,2022,16,6-11,83
sensabr01,2024,28,6-6,78
serapke01,2011,17,6-9,81
sesayan01,1999,30,6-9,81
sessira01,2008,56,6-3,75
seungha01,2005,46,7-3,87
sewelto01,1985,22,6-5,77
sextoco01,2019,8,6-3,75
shackch01,1989,32,6-11,83
shakumu01,2011,NA,6-3,75
shamela01,2019,26,6-5,77
shammgo01,1998,46,6-0,72
shannte01,2025,27,6-6,78
sharpda01,2022,29,6-10,82
sharpsh01,2023,7,6-5,77
sharpwa01,2009,32,6-9,81
shaskjo01,1987,61,6-11,83
shawbr01,1989,24,6-6,78
shawca01,1999,37,6-11,83
shayoma01,2020,54,6-5,77
sheadja01,2025,45,6-1,73
sheltcr01,1981,28,6-7,79
sheltlo01,1977,25,6-8,80
shengto01,2013,54,6-9,81
sheppbe01,2024,26,6-6,78
sheppje01,1999,NA,6-3,75
sheppre01,2025,3,6-2,74
sheroed01,1982,72,6-2,74
shirlpa01,2003,NA,6-10,82
shortpu01,1979,5,6-7,79
shousde01,1986,92,6-2,74
shumajo01,1975,4,6-9,81
shumpim01,2012,17,6-5,77
shvedal01,2013,NA,6-6,78
siakapa01,2017,27,6-8,80
siberjo01,2019,NA,6-4,76
sichtje01,1980,82,6-1,73
sikmaja01,1978,8,6-11,83
silasja01,1973,70,6-1,73
silaspa01,1965,12,6-7,79
silasxa01,2012,NA,6-5,77
silerga01,2011,NA,6-11,83
silvach01,2020,NA,6-8,80
simiewa01,2006,29,6-9,81
simmobe01,2017,1,6-10,82
simmobo01,2002,42,6-7,79
simmoce01,2007,15,6-9,81
simmojo02,2016,NA,6-6,78
simmoko01,2018,NA,6-5,77
simmoli01,1991,7,6-7,79
simonan01,2019,24,6-3,75
simonma01,2021,44,7-0,84
simonmi01,1999,42,6-3,75
simpkdi01,1995,21,6-9,81
simpskj01,2025,42,6-2,74
simpsra01,1973,11,6-5,77
simpsza01,2022,NA,6-0,72
simsal01,1999,NA,6-4,76
simsco01,2008,NA,6-10,82
simshe01,2013,NA,6-10,82
simsja01,2025,NA,6-6,78
simsje01,2022,58,6-10,82
singlch01,2012,18,6-8,80
singlja01,2006,NA,6-8,80
singlky01,2012,33,6-8,80
singlmc01,1985,120,6-5,77
singlse01,2009,42,6-0,72
sirvyde01,2020,37,6-8,80
sittoch01,1985,38,6-8,80
sivape01,2014,56,6-0,72
skapidm01,2024,NA,7-1,85
skilesc01,1987,22,6-1,73
skinnal01,1975,160,6-3,75
skinnbr01,1999,22,6-9,81
slatere01,1995,NA,6-7,79
slaugjo01,1983,43,6-5,77
slawsja01,2024,54,6-7,79
slayta01,2003,54,6-8,80
sloando01,2012,NA,6-3,75
slokaur01,2006,58,6-10,82
slubyto01,1985,41,6-4,76
smailal01,2020,39,6-10,82
smallja01,2026,48,6-1,73
smartja01,2022,NA,6-4,76
smartke01,1989,41,6-1,73
smartma01,2015,6,6-3,75
smithbi02,1970,6,6-5,77
smithch01,1989,3,6-10,82
smithch02,1990,NA,6-1,73
smithch03,1993,34,6-3,75
smithch04,1998,26,6-4,76
smithch05,2014,NA,6-2,74
smithcl01,1987,97,6-6,78
smithcr01,2007,36,6-7,79
smithde02,1983,35,6-6,78
smithde03,2018,9,6-2,74
smithdo03,1992,6,6-10,82
smithdo04,2005,34,6-7,79
smithdr01,2023,NA,6-2,74
smithgr02,2012,NA,6-10,82
smithis01,2011,NA,6-0,72
smithja01,2001,45,6-11,83
smithja02,2008,20,7-0,84
smithja04,2021,10,6-8,80
smithja05,2023,3,6-11,83
smithje01,2012,NA,6-2,74
smithji01,1982,54,6-9,81
smithjo02,1996,1,6-10,82
smithjo03,2005,17,6-9,81
smithjr01,2005,18,6-6,78
smithke01,1988,6,6-3,75
smithke03,1987,45,6-3,75
smithla01,1981,24,6-8,80
smithla02,1992,19,6-3,75
smithle01,2000,29,6-10,82
smithmi01,1990,13,6-10,82
smithmi02,1995,35,6-8,80
smithmi03,2001,35,6-8,80
smithni01,2024,27,6-2,74
smithno01,2012,21,6-2,74
smithot01,1987,41,6-5,77
smithph01,1975,29,6-4,76
smithra01,1971,205,6-3,75
smithre01,1993,31,6-10,82
smithro01,1978,65,5-11,71
smithru01,2015,47,6-0,72
smithsa02,1978,48,6-4,76
smithst01,1992,5,6-8,80
smithst02,1997,NA,6-2,74
smithst03,2007,NA,6-8,80
smithte01,2024,NA,6-4,76
smithth01,2004,NA,6-8,80
smithto02,1991,51,6-3,75
smithto05,2025,NA,6-11,83
smithty02,2025,33,6-9,81
smithwi02,1977,18,6-2,74
smithzh01,2019,16,6-3,75
smitsri01,1989,2,7-4,88
smrekmi01,1986,25,7-0,84
sneedxa01,2022,NA,6-5,77
snellto01,2014,20,6-6,78
snower01,1996,43,6-3,75
snydeki01,2005,16,6-6,78
soberri01,1976,16,6-3,75
sochaje01,2023,9,6-8,80
solomwi01,2002,33,6-1,73
songada01,2003,50,6-9,81
southja01,2014,NA,6-8,80
sowpa01,2005,47,6-10,82
spaldra01,2019,56,6-10,82
spanaji01,1980,16,6-5,77
spanova01,2005,50,6-4,76
sparrro01,1981,75,6-2,74
speigma01,2009,16,6-10,82
spellom01,2019,30,6-8,80
spencan01,1993,NA,6-6,78
spencca01,2025,53,6-3,75
spencel01,1993,25,7-0,84
spencfe01,1991,6,7-0,84
spencpa01,2024,NA,6-2,74
splitti01,2008,28,6-11,83
sprewla01,1993,24,6-5,77
sprigla01,1982,81,6-7,79
sprinja01,2022,28,6-4,76
stackje01,1996,3,6-6,78
stackry01,1999,48,6-11,83
stacoke01,1974,24,6-3,75
stanlca01,2021,54,6-5,77
stanste01,1985,15,6-5,77
starkjo01,1989,NA,6-5,77
stausni01,2015,8,6-6,78
steella01,1972,37,6-5,77
steigma01,1993,52,6-7,79
stepavl01,1999,27,7-0,84
stephal01,2016,NA,6-10,82
stephdj01,2014,NA,6-5,77
stephev01,1989,31,6-2,74
stephjo01,1997,NA,6-7,79
stephla01,2011,40,6-6,78
steppbr01,1983,17,6-5,77
steveba01,1986,43,6-5,77
stevede01,2001,23,6-5,77
steveis01,2025,NA,5-11,71
stevela01,2021,NA,6-7,79
stewais01,2021,16,6-8,80
stewake01,1998,36,6-8,80
stewala01,1992,NA,6-8,80
stewami01,1998,NA,6-10,82
stiemgr01,2012,NA,6-11,83
stipast01,1984,2,6-11,83
stithbr01,1993,13,6-5,77
stivral01,1986,75,6-8,80
stockda01,2015,NA,5-11,71
stockjo01,1985,16,6-1,73
stojape01,1997,14,6-10,82
stokeed01,1994,35,7-0,84
stokegr01,1986,33,6-10,82
stokeja01,2015,35,6-9,81
stonedi01,2017,40,6-11,83
stoneju01,2012,NA,6-6,78
storeaw01,2005,NA,6-6,78
stoudam01,2003,9,6-10,82
stoudda01,1996,7,5-10,70
stoudsa01,2006,31,6-1,73
strawdj01,2008,59,6-5,77
strawju01,2024,29,6-6,78
stricer01,1997,NA,6-3,75
stricma01,1995,NA,6-9,81
stricro02,1989,19,6-3,75
stroejo01,1981,168,6-10,82
stronde01,1991,47,6-8,80
strotla01,1992,43,6-4,76
stroujo01,1981,27,6-7,79
strusma01,2020,NA,6-5,77
stuckro01,2008,15,6-5,77
suggsja01,2022,5,6-5,77
sullija01,2013,21,6-9,81
summeda01,2010,35,6-8,80
sumneed01,2018,52,6-4,76
sumptba01,1989,56,6-11,83
sundobr01,1999,35,7-2,86
sundvjo01,1984,16,6-2,74
surabo01,1996,17,6-5,77
suttlda01,1984,152,6-3,75
suttogr01,1992,49,6-2,74
swanica01,2018,26,6-9,81
sweetmi01,2004,9,6-8,80
swideco01,2023,NA,6-10,82
swiftro01,2005,12,7-0,84
swiftst01,2001,2,6-9,81
swinsaa01,1995,NA,6-5,77
swordcr01,2022,NA,6-3,75
sykeske01,2022,NA,5-11,71
sykesla01,1996,NA,6-9,81
sypa01,2011,53,6-7,79
szabobr01,1997,NA,6-11,83
szczewa02,2000,6,6-7,79
tabakza01,1992,51,7-0,84
tabusyu01,2005,NA,5-9,69
taftch01,2006,42,6-10,82
tarladr01,1996,31,6-10,82
tarplro01,1987,7,7-0,84
tateja01,2021,NA,6-4,76
tatumea01,1977,21,6-5,77
tatumja01,2018,3,6-8,80
tavarwa01,2015,43,7-3,87
tayloan01,1989,44,6-4,76
taylobr01,1973,23,6-2,74
taylodo01,2006,NA,6-6,78
taylois01,2017,NA,6-3,75
tayloja01,1990,NA,6-3,75
tayloje01,1983,42,6-4,76
tayloje02,2010,32,6-4,76
tayloje03,2013,31,6-7,79
taylojo01,1998,17,6-9,81
taylole01,1990,NA,6-8,80
tayloma01,1998,14,6-9,81
taylomi01,2009,55,6-2,74
taylote01,2022,NA,6-5,77
tayloty01,2013,41,6-3,75
taylovi01,1983,34,6-5,77
teaglte01,1983,16,6-5,77
teaguje01,2010,19,6-3,75
teaguma01,2013,29,6-2,74
teletmi01,2013,NA,6-9,81
telfase01,2005,13,6-0,72
telfoja01,2026,NA,6-7,79
templga01,2010,NA,6-5,77
teodomi01,2018,NA,6-5,77
terreja01,2019,NA,6-3,75
terryca01,1979,104,6-5,77
terryda01,2023,18,6-6,78
terryem01,2019,NA,6-9,81
terryja01,2000,10,6-2,74
terryty01,2021,31,6-2,74
teskejo01,2022,NA,7-1,85
thabeha01,2010,2,7-3,87
theisda01,2018,NA,6-8,80
theusre01,1979,9,6-6,78
thibepe01,1984,77,6-7,79
thierad01,2026,36,6-7,79
thirdda01,1983,15,6-7,79
thomaad01,2014,NA,6-7,79
thomabi01,2005,NA,6-4,76
thomabr01,2021,NA,6-5,77
thomaca01,1992,NA,6-4,76
thomaca02,2022,27,6-3,75
thomach01,1992,NA,6-3,75
thomaet01,2001,12,6-9,81
thomair01,1991,NA,6-8,80
thomais01,1982,2,6-1,73
thomais02,2012,60,5-9,69
thomaja01,2000,NA,6-6,78
thomaja02,2005,NA,6-8,80
thomaji01,1984,40,6-3,75
thomajo02,1998,25,6-9,81
thomake01,2000,22,6-7,79
thomakh01,2019,38,6-3,75
thomaku01,1996,10,6-9,81
thomala01,2012,NA,6-8,80
thomama01,2012,NA,6-9,81
thomama02,2020,NA,6-3,75
thomati01,1998,7,6-10,82
thomaty01,2007,4,6-9,81
thompam01,2024,4,6-7,79
thompau01,2024,5,6-7,79
thompbe01,1985,19,6-6,78
thompbi01,1987,19,6-7,79
thompbr01,1995,27,6-4,76
thompco01,1983,50,6-8,80
thompda01,1976,1,6-4,76
thompdi01,2006,54,6-7,79
thompho01,2014,NA,6-8,80
thompja02,2009,12,6-11,83
thompke01,1994,48,6-11,83
thompkl01,2012,11,6-5,77
thompla01,1983,5,6-10,82
thompmy01,1979,1,6-10,82
thompmy02,2012,NA,6-6,78
thomppa01,1984,50,6-6,78
thompst01,1992,NA,6-4,76
thomptr01,2012,4,6-9,81
thomptr02,2012,37,6-10,82
thorjt01,2022,37,6-9,81
thornal01,2008,14,6-8,80
thornbo01,1985,87,6-10,82
thornma01,2010,43,6-4,76
thornsi01,2018,48,6-4,76
thorpot01,1985,9,6-10,82
threase01,1984,139,6-2,74
thybuma01,2020,20,6-5,77
tillida01,1983,23,6-11,83
tilliki02,2021,NA,6-9,81
tillmxa01,2021,35,6-8,80
timmedr01,2025,NA,6-9,81
tinslja01,2002,27,6-3,75
tisdawa01,1986,2,6-9,81
tobeymi01,2017,NA,7-0,84
toddis01,2022,31,6-9,81
tolbera01,1982,18,6-9,81
tolbeto01,1989,34,6-7,79
tollian01,2009,NA,6-8,80
tomjaru01,1971,2,6-8,80
tomlina01,2025,NA,6-8,80
toneyan01,1981,8,6-3,75
toneyse01,1986,59,6-2,74
toolsan01,1991,NA,6-6,78
toonebe01,1980,37,6-9,81
toppija01,2024,NA,6-9,81
toppiob01,2021,8,6-9,81
torreos01,2002,NA,6-6,78
toscaju01,2020,NA,6-6,78
toupaax01,2016,NA,6-7,79
towerke01,1994,NA,6-11,83
towneli01,1983,33,6-7,79
townska01,2016,1,7-0,84
townsra01,1979,22,6-3,75
traorno01,2026,19,6-3,75
travelu01,2023,56,6-6,78
traylro01,1999,6,6-8,80
trentga01,1996,11,6-8,80
trentga02,2019,37,6-5,77
trepaje01,2002,36,6-4,76
trieral01,2019,NA,6-4,76
tripuke01,1982,12,6-6,78
trybace01,2003,NA,7-2,86
tsakaja01,2001,25,7-2,86
tshieos01,2024,NA,6-8,80
tskitni01,2003,5,7-0,84
tuckeal02,2008,29,6-6,78
tuckean01,1995,NA,6-8,80
tuckepj01,2007,35,6-5,77
tuckera01,2020,NA,6-3,75
tucketr01,1983,6,6-5,77
turiaro01,2006,37,6-10,82
turkcmi01,1999,18,6-9,81
turkohe01,2001,16,6-10,82
turnean01,1987,69,5-11,71
turneel01,1982,43,6-5,77
turneev01,2011,2,6-6,78
turnehe02,1990,NA,6-7,79
turneje01,1985,17,6-9,81
turnejo01,1992,20,6-8,80
turnemy01,2016,11,6-11,83
turnewa01,2000,NA,6-2,74
turpime01,1985,6,6-11,83
twardda01,1973,26,6-1,73
tylerbj01,1995,20,6-1,73
tylerje01,2012,39,6-10,82
tylerte01,1979,23,6-7,79
tysonhu01,2024,37,6-8,80
tysonja01,2025,20,6-6,78
ubileed01,2012,NA,6-6,78
udohek01,2011,6,6-10,82
udokaim01,2004,NA,6-6,78
udrihbe01,2005,28,6-3,75
ukicro01,2006,41,6-5,77
ulisty01,2017,34,5-10,70
umudest01,2023,NA,6-6,78
unselwe01,1969,2,6-7,79
upshake01,1989,NA,6-2,74
uthofja01,2017,NA,6-9,81
uzohbe01,2011,NA,6-3,75
valanjo01,2012,5,6-11,83
valenda01,1982,16,6-1,73
valende01,2017,14,6-4,76
valenro01,1981,51,6-7,79
vanbrja01,1975,20,6-7,79
vandeja01,2019,41,6-8,80
vandeki01,1981,11,6-8,80
vandelo01,1996,NA,6-8,80
vanexni01,1994,37,6-1,73
vanhoke01,1998,2,6-10,82
vanosni01,1986,32,7-1,85
vanteda01,2001,NA,6-5,77
vanvlfr01,2017,NA,6-0,72
vardara01,2002,NA,7-1,85
varejan01,2005,30,6-11,83
varnaja01,2011,41,6-9,81
vasqugr01,2011,28,6-6,78
vassede01,2021,11,6-5,77
vaughda02,1996,25,6-9,81
vaughja01,1998,27,6-1,73
vaughlo01,1991,13,6-9,81
vaughra01,2016,17,6-6,78
verhope01,1982,85,6-9,81
veselja01,2012,6,6-11,83
vetragu01,1993,NA,6-6,78
vezenal01,2018,57,6-8,80
viannjo01,1992,NA,6-9,81
villach01,2006,7,6-11,83
vincega01,2020,NA,6-2,74
vinceja01,1982,24,6-7,79
vincesa01,1986,20,6-2,74
vincima01,2007,43,6-8,80
vinsofr01,1995,NA,6-4,76
vocega01,1990,NA,6-9,81
volkoal01,1987,134,6-10,82
vonleno01,2015,9,6-10,82
voskuja01,2001,33,6-11,83
vraneda01,1982,5,6-7,79
vranesl01,2004,39,7-5,89
vrankst01,1991,NA,7-2,86
vromabr01,1979,87,7-0,84
vromaja01,2005,31,6-10,82
vucevni01,2012,16,6-9,81
vujacsa01,2005,27,6-7,79
vukcetr01,2024,42,7-0,84
wadede01,2020,NA,6-9,81
wadedw01,2004,5,6-4,76
wadema01,1988,NA,5-11,71
wafervo01,2006,39,6-5,77
wagneda02,2003,6,6-2,74
wagnefr01,2022,8,6-10,82
wagnemi01,1987,35,6-5,77
wagnemo01,2019,25,6-11,83
wainris01,2022,NA,6-5,77
waitedi01,2013,4,6-3,75
waitegr01,1984,39,6-11,83
wakefan01,1979,107,6-3,75
walkean02,1997,6,6-9,81
walkebi01,2009,47,6-6,78
walkeda01,1984,12,6-4,76
walkefo01,1975,38,6-0,72
walkeja01,2023,57,6-7,79
walkeja02,2024,8,6-7,79
walkeke01,1987,5,6-8,80
walkeke02,2012,9,6-0,72
walkelo01,2019,18,6-4,76
walkemj01,2022,NA,6-5,77
walkesa01,1997,9,6-9,81
walkewa01,1977,5,6-7,79
wallabe01,1997,NA,6-9,81
wallaca01,2024,10,6-3,75
wallage01,2002,25,6-7,79
wallajo01,1997,18,6-8,80
wallake01,2025,NA,6-3,75
wallara01,1996,4,6-11,83
wallaty01,2017,60,6-5,77
walleja01,1988,48,6-4,76
walljo01,2011,1,6-3,75
walshjo01,2024,38,6-6,78
walshma01,2006,NA,6-6,78
walteja01,2025,19,6-4,76
waltere01,1994,16,6-4,76
waltobi01,1975,1,6-11,83
waltode01,2018,NA,6-0,72
waltoll01,1977,40,6-0,72
waltolu01,2004,32,6-8,80
wanambr01,2019,NA,6-3,75
wardch01,1995,26,6-2,74
wareca01,2014,NA,5-10,70
wareke01,2025,15,7-0,84
warneja01,2018,NA,6-8,80
warretj01,2015,14,6-8,80
warrewi01,2011,54,6-4,76
warribr01,1983,25,6-5,77
warriha01,2006,19,6-9,81
washbch01,1987,3,6-11,83
washbju01,2019,NA,6-8,80
washida01,2008,NA,6-2,74
washidu01,1988,36,6-4,76
washidu02,2022,NA,6-2,74
washier01,1998,47,6-4,76
washike01,1974,5,6-8,80
washipe01,1987,13,6-2,74
washipj01,2020,12,6-7,79
washiri01,1977,3,6-11,83
washity02,2023,29,6-3,75
watanyu01,2019,NA,6-9,81
waterli01,2022,NA,6-5,77
watertr01,2020,51,5-10,70
watfotr01,2022,NA,6-8,80
watkida01,2008,NA,6-11,83
watkija01,2026,43,6-6,78
watsoan02,2025,54,6-8,80
watsocj01,2008,NA,6-2,74
watsoea01,2002,40,6-1,73
watsoja01,1995,47,6-7,79
watsopa01,2020,NA,6-6,78
watsope01,2023,30,6-8,80
waynsma01,2013,NA,6-2,74
wearda01,2015,NA,6-10,82
weartr01,2015,NA,6-9,81
weathcl01,1993,9,6-7,79
weathni01,1974,13,6-7,79
weathqu01,2020,49,6-3,75
weaveky01,2009,38,6-6,78
webbech01,1994,1,6-10,82
webbja01,2018,NA,6-9,81
webbma01,1993,NA,6-9,81
webbsp01,1986,87,5-6,66
weberbr01,2016,NA,6-2,74
webstje01,1995,40,6-8,80
webstma01,1976,3,7-1,85
webstma02,2006,6,6-7,79
wedmasc01,1975,6,6-7,79
weemsso01,2009,39,6-6,78
weidnbr01,1984,90,6-9,81
wellsbo01,1999,11,6-5,77
wellsbu01,1998,35,6-5,77
wellsja01,2025,39,6-7,79
welpch01,1988,16,7-0,84
welscji01,2003,16,6-7,79
welshth01,2019,58,7-0,84
wembavi01,2024,1,7-4,88
wennibi01,1986,16,7-0,84
wenstma01,1994,NA,7-1,85
werdaro01,1993,46,6-11,83
weslebl01,2023,25,6-4,76
wesleda01,1994,NA,6-0,72
westbru01,2009,4,6-4,76
westda01,2004,18,6-9,81
westde01,2005,24,6-3,75
westdo01,1990,38,6-6,78
westma01,1984,30,6-10,82
westma02,2008,NA,6-5,77
westppa01,1973,10,6-4,76
whalero01,2006,51,6-10,82
whatlen01,1984,13,6-3,75
wheatde01,1998,52,6-0,72
wheelcl01,1982,150,6-1,73
wheelph02,2025,NA,6-8,80
wheelty01,1999,47,5-10,70
whitean01,2018,NA,6-7,79
whiteco01,2020,7,6-4,76
whiteda01,2024,22,6-6,78
whitede01,2018,29,6-4,76
whitedj01,2009,29,6-9,81
whitedo01,1997,NA,5-10,70
whiteer01,1988,65,6-8,80
whiteha01,2011,33,7-0,84
whiteis01,2017,42,6-4,76
whiteja01,1999,43,6-9,81
whiteja02,2007,31,6-7,79
whiteja03,2023,NA,6-7,79
whiteje01,1979,41,6-10,82
whitejo01,1970,9,6-3,75
whiteok01,2017,NA,6-8,80
whitera01,1990,8,6-8,80
whitero01,1983,86,6-8,80
whitero02,2002,9,6-9,81
whitero03,2013,16,6-8,80
whiteru01,1976,47,6-2,74
whiteto01,1988,33,6-2,74
whitewi01,1985,42,6-3,75
whitfdw01,1996,40,6-9,81
whitmca01,2024,20,6-6,78
whitnch01,1994,47,6-0,72
whitnha02,1981,16,6-5,77
whittgr01,2021,NA,6-8,80
whittsh01,2015,NA,6-11,83
wickssi01,1972,2,6-8,80
wieskjo01,2022,41,6-6,78
wiggiaa01,2022,55,6-5,77
wiggian01,2015,1,6-6,78
wiggili01,2022,NA,6-1,73
wiggimi01,1984,23,6-4,76
wilcoch01,2003,8,6-10,82
wilcocj01,2015,28,6-5,77
wileyja01,2018,NA,6-8,80
wileymi01,1981,39,6-9,81
wileymo01,1989,46,6-4,76
wilkebo01,1977,11,6-6,78
wilkeja01,1975,11,6-6,78
wilkeja02,1981,50,6-7,79
wilkida01,1983,221,6-10,82
wilkida02,2005,NA,6-6,78
wilkido01,1983,3,6-8,80
wilkied01,1985,133,6-10,82
wilkige01,1986,47,6-6,78
wilkije01,1978,37,6-11,83
wilksmi01,2003,NA,5-10,70
williaa01,1994,NA,6-9,81
willial02,1998,48,6-5,77
willial03,2016,NA,6-8,80
willial06,2023,NA,6-4,76
william01,2026,46,6-11,83
willibr01,1998,NA,6-6,78
willibr03,2022,NA,6-1,73
willibu01,1982,3,6-8,80
willicj01,2018,NA,6-5,77
willico01,1993,33,6-2,74
willico02,1996,13,6-7,79
willico04,2025,10,6-8,80
willide01,2006,3,6-3,75
willide02,2012,2,6-8,80
willido02,2023,NA,6-6,78
willidu01,1979,96,6-2,74
williel01,2011,22,6-5,77
willier01,1996,14,6-8,80
willifr01,1979,8,6-4,76
willifr02,2003,25,6-3,75
willigr01,2020,22,6-7,79
willigu01,1976,20,6-2,74
willigu02,1984,34,6-9,81
willihe01,1982,14,6-11,83
williho01,1986,45,6-11,83
willija01,1991,21,6-9,81
willija02,1999,7,6-1,73
willija03,2003,2,6-2,74
willija04,2009,NA,6-9,81
willija06,2023,12,6-5,77
willija07,2023,34,6-9,81
willije01,1997,26,6-9,81
willije02,2023,NA,6-5,77
willijo01,1974,96,6-2,74
willijo02,1987,12,6-8,80
willijo03,2012,36,6-10,82
willijo04,2019,NA,6-9,81
williju01,2007,NA,6-10,82
willike01,1984,46,6-2,74
willike02,1985,11,7-0,84
willike03,1991,46,6-9,81
willike04,2019,NA,6-7,79
willilo01,1993,NA,6-9,81
willilo02,2006,45,6-2,74
willima01,2004,47,6-1,73
willima02,2006,2,6-8,80
willima03,2007,22,6-3,75
willima04,2008,33,6-7,79
willima05,2018,NA,6-5,77
willima07,2023,15,7-1,85
willima11,2024,NA,6-11,83
willimi02,1989,48,6-2,74
willimi03,1987,51,6-8,80
willimo01,1995,24,6-8,80
willini01,2018,55,6-2,74
willipa01,2021,4,6-6,78
willipe01,1986,89,6-7,79
willira01,1978,10,6-3,75
willire01,1988,4,6-7,79
willire02,2010,NA,6-6,78
williri01,1979,190,6-1,73
williro02,1983,19,6-2,74
williro04,2019,27,6-9,81
willisa02,1982,33,6-8,80
willisc01,1991,NA,6-10,82
willise01,2008,17,6-10,82
willish01,1999,34,6-1,73
willish02,2007,5,6-9,81
willish03,2007,17,6-9,81
willisl01,1980,21,6-7,79
willite01,2010,11,6-6,78
willitr01,1998,NA,6-6,78
willitr02,2017,NA,6-7,79
willivi01,2023,47,6-4,76
williwa02,1993,7,6-8,80
willizi01,2020,1,6-6,78
willizi02,2022,10,6-9,81
willobi01,1976,19,6-8,80
willode01,2000,NA,6-3,75
wilsobu01,1979,101,6-3,75
wilsodj01,2018,17,6-10,82
wilsoja02,2018,NA,6-7,79
wilsoja03,2024,51,6-6,78
wilsomi01,1983,47,6-4,76
wilsoni01,1988,30,6-8,80
wilsoot01,1985,35,6-0,72
wilsori01,1979,25,6-5,77
wilsori02,1987,52,6-3,75
wilsotr01,1991,36,6-7,79
wiltjky01,2017,NA,6-10,82
winchke01,1991,NA,6-5,77
windldy01,2020,26,6-7,79
wingada01,1987,44,6-5,77
wingfdo01,1995,37,6-8,80
winslju01,2016,10,6-6,78
winslri01,1988,28,6-8,80
winstca01,2021,53,6-1,73
wintebr01,1975,12,6-4,76
wintetr01,1999,NA,7-0,84
wintevo01,1986,44,6-8,80
wisemja01,2021,2,6-11,83
witheje01,2014,39,7-0,84
wittmra01,1984,22,6-6,78
wittsga01,1982,103,6-7,79
wolfda01,2026,27,6-11,83
wolfjo01,1988,13,6-11,83
wolkoru01,2001,NA,6-10,82
woltena01,2014,38,6-4,76
wongis01,2024,55,6-3,75
woodal01,1982,4,6-6,78
woodaro01,2021,40,6-6,78
woodch01,2016,NA,6-8,80
woodda01,1989,NA,6-9,81
woodho01,1982,27,6-7,79
woodle01,1985,10,6-3,75
woodslo01,2002,46,7-1,85
woodsmi01,1981,12,6-5,77
woodsqy01,2003,21,6-8,80
woodsra01,1993,16,5-10,70
woolror01,1982,6,6-9,81
workmha01,1990,49,6-2,74
worthja01,1983,1,6-9,81
worthsa01,1981,26,6-5,77
wrighan01,2006,15,6-7,79
wrighbr01,1986,49,6-11,83
wrighbr02,2006,47,6-3,75
wrighbr03,2008,8,6-10,82
wrighch01,2012,NA,6-8,80
wrighch02,2013,NA,6-1,73
wrighde01,2016,20,6-4,76
wrighdo01,2005,19,6-9,81
wrighho02,1991,NA,6-8,80
wrighju01,2008,13,6-8,80
wrighju02,2020,53,6-0,72
wrighla01,1977,14,6-1,73
wrighlo02,1997,7,6-11,83
wrighlu01,1994,18,7-2,86
wrighmc01,2022,NA,5-11,71
wrighmo01,2022,NA,6-8,80
wrighsh01,1995,6,6-11,83
wroteto01,2013,25,6-6,78
wyndeaj01,1991,NA,6-2,74
yabusgu01,2017,16,6-7,79
yangha01,2026,16,7-1,85
yarbrvi01,2003,33,6-7,79
yonakri01,1981,61,6-9,81
yorkga01,2022,NA,6-3,75
youngch01,2026,NA,6-4,76
youngda01,1985,39,6-3,75
youngja01,2015,17,6-6,78
youngja05,2025,NA,6-0,72
youngjo01,2016,43,6-2,74
youngko01,1999,40,6-7,79
youngmi01,1985,24,6-7,79
youngni01,2008,16,6-7,79
youngpe01,1986,61,6-5,77
youngsa01,2010,36,6-6,78
youngth01,2008,12,6-8,80
youngti01,2000,56,7-2,86
youngtr01,2019,5,6-2,74
yuesu01,2008,40,6-9,81
yurtsom01,2022,NA,6-11,83
zelleco01,2014,4,6-11,83
zellelu01,2013,NA,6-11,83
zellety01,2013,17,7-0,84
zenoto01,1980,32,6-8,80
zevenph01,1988,50,6-10,82
zhizhwa01,2000,36,7-0,84
zidekge01,1996,22,7-0,84
zimmede01,2004,40,6-3,75
zimmest01,2017,41,7-0,84
zipsepa01,2017,48,6-8,80
zizican01,2017,23,6-10,82
zoetji01,1983,NA,7-1,85
zubaciv01,2017,32,7-0,84
